player_name,club,position,assists,corner_taken,offsides,dribbles,total_attempts,on_target,off_target,blocked,balls_recoverd,tackles_won,tackles_lost,clearance_attempted,fouls_committed,fouls_suffered,red,yellow,pass_attempted,pass_completed,cross_attempted,cross_complted,freekicks_taken,match_played,saved,conceded,saved_penalties,cleansheets,punches made,goals,goals_right_foot,goals_left_foot,goals_headers,goals_others,goals_inside_area,goals_outside_areas,penalties,minutes_played,match_played,distance_covered
Mazraoui,Ajax,Defender,2,0,0,13,9,3,3,3,40,10,6,9,9,8,1,0,385,338,19,7,7,8,0,0,0,0,0,0,0,0,0,0,0,0,0,661,8,81.5
Blind,Ajax,Defender,1,0,1,8,4,2,1,1,32,4,7,8,5,0,1,0,439,368,15,8,17,8,0,0,0,0,0,1,0,1,0,0,0,1,0,572,8,70.9
Martínez,Ajax,Defender,1,0,0,3,6,2,4,0,53,2,8,19,7,7,1,0,674,633,0,0,12,8,0,0,0,0,0,0,0,0,0,0,0,0,0,720,8,83.3
Tagliafico,Ajax,Defender,1,0,0,1,1,0,1,0,10,3,1,1,1,5,0,0,69,57,6,1,1,3,0,0,0,0,0,0,0,0,0,0,0,0,0,139,3,16.6
Schuurs,Ajax,Defender,1,0,0,0,2,0,2,0,13,2,3,2,2,0,1,0,111,99,0,0,6,3,0,0,0,0,0,0,0,0,0,0,0,0,0,146,3,14.4
Rensch,Ajax,Defender,0,0,0,0,0,0,0,0,8,2,3,1,2,0,0,0,0,0,0,0,0,5,0,0,0,0,0,0,0,0,0,0,0,0,0,71,5,13.8
Antony,Ajax,Forward,5,3,4,28,26,10,9,7,25,3,4,2,5,9,1,0,322,262,27,5,2,7,0,0,0,0,0,2,0,2,0,0,2,0,0,577,7,65.1
Tadić,Ajax,Forward,2,5,5,13,12,3,4,5,12,0,2,1,11,9,0,0,303,231,44,19,8,7,0,0,0,0,0,2,1,1,0,0,2,0,0,630,7,78.9
Berghuis,Ajax,Forward,1,15,2,3,16,5,6,5,14,2,4,3,3,1,1,0,277,229,28,9,2,8,0,0,0,0,0,3,0,3,0,0,3,0,0,628,8,79.8
Haller,Ajax,Forward,1,0,3,9,24,15,8,1,10,2,6,5,17,11,1,0,162,134,0,0,0,8,0,0,0,0,0,11,3,4,3,1,11,0,1,668,8,82.2
Neres,Ajax,Forward,0,0,0,0,6,3,1,2,3,0,0,0,3,0,0,0,104,91,7,4,0,5,0,0,0,0,0,1,0,1,0,0,1,0,0,203,5,24
Daramy,Ajax,Forward,0,0,0,0,4,1,3,0,1,0,0,1,0,0,0,0,0,0,0,0,0,0,0,0,0,0,0,0,0,0,0,0,0,0,0,52,2,6.4
Brobbey,Ajax,Forward,0,0,0,0,1,0,1,0,0,0,0,0,0,0,0,0,0,0,0,0,0,0,0,0,0,0,0,0,0,0,0,0,0,0,0,0,0,0
Onana,Ajax,Goalkeeper,0,0,0,0,0,0,0,0,0,0,0,0,0,0,0,0,56,49,0,0,4,0,2,2,0,0,0,0,0,0,0,0,0,0,0,180,2,8.4
Pasveer,Ajax,Goalkeeper,0,0,0,0,0,0,0,0,0,0,0,0,0,0,0,0,232,200,0,0,5,0,13,6,0,2,2,0,0,0,0,0,0,0,0,540,6,32.7
Gravenberch,Ajax,Midfielder,1,15,1,18,9,5,2,2,30,3,1,10,17,11,1,0,386,342,9,0,9,8,0,0,0,0,0,0,0,0,0,0,0,0,0,703,8,89.1
Klaassen,Ajax,Midfielder,1,0,0,0,1,1,0,0,10,1,2,2,5,2,0,0,108,94,2,1,0,7,0,0,0,0,0,1,1,0,0,0,1,0,0,232,7,33.6
Álvarez,Ajax,Midfielder,0,0,0,0,7,2,4,1,29,10,9,7,17,6,4,0,363,340,1,0,7,7,0,0,0,0,0,0,0,0,0,0,0,0,0,558,7,73
J. Timber,Ajax,Midfielder,0,0,0,0,2,0,2,0,35,2,4,12,10,6,3,0,497,474,1,0,14,8,0,0,0,0,0,0,0,0,0,0,0,0,0,570,8,64.9
Kudus,Ajax,Midfielder,0,0,0,0,1,0,1,0,1,0,0,0,0,0,0,0,0,0,0,0,0,0,0,0,0,0,0,0,0,0,0,0,0,0,0,24,2,3.5
Taylor,Ajax,Midfielder,0,0,0,0,0,0,0,0,1,0,1,0,3,0,0,0,0,0,0,0,0,3,0,0,0,0,0,0,0,0,0,0,0,0,0,38,3,6.6
Mæhle,Atalanta,Defender,1,0,1,11,3,0,2,1,21,3,1,4,3,7,0,0,217,184,8,0,0,5,0,0,0,0,0,0,0,0,0,0,0,0,0,435,5,56.4
Palomino,Atalanta,Defender,1,0,1,0,3,1,1,1,41,3,3,14,5,0,1,0,245,207,0,0,12,5,0,0,0,0,0,1,0,1,0,0,1,0,0,450,5,50.5
Zappacosta,Atalanta,Defender,1,0,0,12,7,1,4,2,10,0,4,3,6,11,1,0,188,162,12,1,6,6,0,0,0,0,0,0,0,0,0,0,0,0,0,405,6,51
Tolói,Atalanta,Defender,0,0,0,0,4,1,3,0,34,5,1,6,3,1,0,0,231,189,10,5,5,4,0,0,0,0,0,0,0,0,0,0,0,0,0,360,4,45.2
Demiral,Atalanta,Defender,0,0,0,0,2,2,0,0,31,1,2,21,4,2,1,0,176,162,0,0,9,6,0,0,0,0,0,1,0,0,1,0,1,0,0,370,6,42.2
Pezzella,Atalanta,Defender,0,0,0,0,2,1,1,0,2,0,0,3,1,2,0,0,0,0,0,0,0,3,0,0,0,0,0,0,0,0,0,0,0,0,0,56,3,8.1
Djimsiti,Atalanta,Defender,0,0,0,0,0,0,0,0,31,4,1,8,3,1,0,0,191,160,1,1,6,5,0,0,0,0,0,0,0,0,0,0,0,0,0,260,5,31.5
Lovato,Atalanta,Defender,0,0,0,0,0,0,0,0,5,0,0,3,1,0,1,0,0,0,0,0,0,1,0,0,0,0,0,0,0,0,0,0,0,0,0,45,1,5.3
Hateboer,Atalanta,Defender,0,0,0,0,0,0,0,0,1,0,2,2,0,0,0,0,33,29,3,1,0,0,0,0,0,0,0,0,0,0,0,0,0,0,0,90,1,11.8
Zapata,Atalanta,Forward,3,0,7,10,22,8,7,7,2,1,1,3,7,6,1,0,130,92,5,1,0,6,0,0,0,0,0,3,2,1,0,0,3,0,0,464,6,50.1
Al. Miranchuk,Atalanta,Forward,1,0,0,2,0,0,0,0,2,1,0,0,1,1,0,0,0,0,0,0,0,2,0,0,0,0,0,0,0,0,0,0,0,0,0,33,2,4.8
Muriel,Atalanta,Forward,0,0,0,0,8,4,2,2,0,0,0,0,2,3,1,0,59,48,5,0,2,5,0,0,0,0,0,1,1,0,0,0,0,1,0,130,5,16.9
Musso,Atalanta,Goalkeeper,0,0,0,0,0,0,0,0,0,0,0,0,0,0,0,0,158,120,0,0,11,0,21,13,0,1,1,0,0,0,0,0,0,0,0,540,6,32.7
Koopmeiners,Atalanta,Midfielder,1,8,0,1,4,0,1,3,7,1,3,3,3,3,0,0,135,106,12,3,4,5,0,0,0,0,0,0,0,0,0,0,0,0,0,210,5,28.9
Iličić,Atalanta,Midfielder,1,2,2,13,3,1,0,2,2,1,3,0,1,11,0,0,130,101,7,4,8,4,0,0,0,0,0,1,0,1,0,0,1,0,0,249,4,29.3
Freuler,Atalanta,Midfielder,1,0,0,6,2,2,0,0,30,6,4,8,6,11,0,0,360,307,3,1,11,6,0,0,0,0,0,1,1,0,0,0,1,0,0,526,6,71.6
Pašalić,Atalanta,Midfielder,1,0,0,2,3,1,2,0,7,1,0,2,2,1,1,0,71,57,1,0,1,5,0,0,0,0,0,1,0,1,0,0,1,0,0,220,5,30
Malinovskyi,Atalanta,Midfielder,0,0,0,0,11,4,3,4,4,2,4,2,6,9,0,0,143,114,31,13,6,5,0,0,0,0,0,1,0,1,0,0,0,1,0,301,5,38.5
Gosens,Atalanta,Midfielder,0,0,0,0,3,2,1,0,5,1,1,2,2,0,0,0,56,43,0,0,0,2,0,0,0,0,0,1,0,1,0,0,1,0,0,101,2,12.1
Pessina,Atalanta,Midfielder,0,0,0,0,2,2,0,0,11,1,0,1,2,3,0,0,100,78,3,1,1,4,0,0,0,0,0,1,0,1,0,0,1,0,0,211,4,29.4
De Roon,Atalanta,Midfielder,0,0,0,0,2,0,1,1,34,0,4,15,10,1,2,0,298,245,1,0,6,6,0,0,0,0,0,0,0,0,0,0,0,0,0,484,6,62.1
Renan Lodi,Atlético Madrid,Defender,2,1,5,9,4,2,1,1,23,6,15,8,14,6,0,0,164,128,20,5,5,10,0,0,0,0,0,1,0,0,1,0,1,0,0,478,10,61.7
Giménez,Atlético Madrid,Defender,0,0,0,0,5,0,4,1,35,2,2,23,4,3,1,0,211,175,0,0,10,7,0,0,0,0,0,0,0,0,0,0,0,0,0,585,7,63.3
Vrsaljko,Atlético Madrid,Defender,0,0,0,0,2,1,1,0,23,3,3,8,12,2,1,0,80,55,5,1,1,5,0,0,0,0,0,0,0,0,0,0,0,0,0,304,5,36.9
Hermoso,Atlético Madrid,Defender,0,0,0,0,2,0,1,1,28,1,1,23,9,1,1,0,165,127,3,0,8,6,0,0,0,0,0,0,0,0,0,0,0,0,0,425,6,47.7
Savić,Atlético Madrid,Defender,0,0,0,0,2,0,1,1,34,5,1,17,1,1,1,0,191,158,0,0,9,5,0,0,0,0,0,0,0,0,0,0,0,0,0,450,5,51.6
Felipe,Atlético Madrid,Defender,0,0,0,0,1,0,1,0,34,1,2,31,7,2,3,2,195,168,0,0,5,7,0,0,0,0,0,0,0,0,0,0,0,0,0,472,7,51.4
Reinildo,Atlético Madrid,Defender,0,0,0,0,0,0,0,0,76,6,7,20,15,15,2,0,0,0,0,0,0,10,0,0,0,0,0,0,0,0,0,0,0,0,0,0,0,0
Trippier,Atlético Madrid,Defender,0,0,0,0,0,0,0,0,7,3,0,1,1,4,0,0,95,70,5,1,2,3,0,0,0,0,0,0,0,0,0,0,0,0,0,220,3,27
Griezmann,Atlético Madrid,Forward,2,2,1,8,12,5,5,2,20,6,8,5,6,4,0,1,191,151,7,3,1,9,0,0,0,0,0,4,0,4,0,0,4,0,0,518,9,64.3
João Félix,Atlético Madrid,Forward,1,1,3,21,12,3,7,2,5,1,5,7,4,13,2,0,160,131,2,1,0,8,0,0,0,0,0,1,0,0,1,0,1,0,0,573,8,68.5
Correa,Atlético Madrid,Forward,0,0,0,0,9,3,4,2,12,3,2,0,10,8,2,0,139,107,7,2,1,10,0,0,0,0,0,1,1,0,0,0,1,0,0,401,10,49.6
Luis Suárez,Atlético Madrid,Forward,0,0,0,0,8,2,5,1,1,0,0,2,3,4,2,0,84,57,3,0,2,7,0,0,0,0,0,1,1,0,0,0,1,0,1,347,7,38.7
Carrasco,Atlético Madrid,Forward,0,0,0,0,6,2,1,3,8,0,1,8,1,7,0,1,148,117,14,3,11,7,0,0,0,0,0,0,0,0,0,0,0,0,0,472,7,60.1
Matheus Cunha,Atlético Madrid,Forward,0,0,0,0,4,0,2,2,2,0,2,1,6,3,0,0,19,17,0,0,0,5,0,0,0,0,0,0,0,0,0,0,0,0,0,142,5,18.3
Oblak,Atlético Madrid,Goalkeeper,0,0,0,0,0,0,0,0,0,0,0,0,0,0,0,0,283,158,0,0,31,0,26,10,0,3,2,0,0,0,0,0,0,0,0,900,10,52.7
Lemar,Atlético Madrid,Midfielder,1,7,0,7,4,3,0,1,14,3,1,4,3,3,0,0,171,133,14,4,0,8,0,0,0,0,0,0,0,0,0,0,0,0,0,377,8,48.9
Koke,Atlético Madrid,Midfielder,1,4,0,2,3,0,2,1,30,8,3,7,7,11,1,0,308,252,3,0,6,9,0,0,0,0,0,0,0,0,0,0,0,0,0,665,9,91.2
De Paul,Atlético Madrid,Midfielder,0,0,0,0,13,4,6,3,25,1,5,9,12,13,2,0,293,228,17,5,19,9,0,0,0,0,0,1,1,0,0,0,1,0,0,577,9,74.5
Kondogbia,Atlético Madrid,Midfielder,0,0,0,0,6,1,4,1,40,6,9,7,5,11,2,0,242,209,1,0,9,9,0,0,0,0,0,0,0,0,0,0,0,0,0,578,9,71.3
Marcos Llorente,Atlético Madrid,Midfielder,0,0,0,0,2,1,1,0,37,0,6,8,13,10,3,0,249,212,10,1,1,9,0,0,0,0,0,0,0,0,0,0,0,0,0,700,9,83.6
Herrera,Atlético Madrid,Midfielder,0,0,0,0,1,0,1,0,20,1,3,1,6,2,2,0,121,102,6,0,6,4,0,0,0,0,0,0,0,0,0,0,0,0,0,226,4,30.1
Javi Serrano,Atlético Madrid,Midfielder,0,0,0,0,0,0,0,0,0,0,0,0,0,0,0,0,0,0,0,0,0,0,0,0,0,0,0,0,0,0,0,0,0,0,0,15,1,2.4
Jordi Alba,Barcelona,Defender,1,0,1,0,3,2,1,0,22,1,3,7,4,2,0,0,301,251,30,9,7,5,0,0,0,0,0,0,0,0,0,0,0,0,0,375,5,45.8
Lenglet,Barcelona,Defender,0,0,0,0,4,1,2,1,17,2,4,2,3,2,1,0,304,274,1,0,7,4,0,0,0,0,0,0,0,0,0,0,0,0,0,345,4,40.4
Dest,Barcelona,Defender,0,0,0,0,3,1,1,1,11,3,0,0,3,3,1,0,109,95,8,0,1,4,0,0,0,0,0,0,0,0,0,0,0,0,0,230,4,30.2
Ronald Araújo,Barcelona,Defender,0,0,0,0,3,0,3,0,19,6,2,9,1,5,1,0,192,167,3,1,9,5,0,0,0,0,0,0,0,0,0,0,0,0,0,367,5,36.4
Piqué,Barcelona,Defender,0,0,0,0,2,1,1,0,33,1,7,13,8,3,2,0,288,269,0,0,2,5,0,0,0,0,0,1,1,0,0,0,1,0,0,393,5,44
Eric García,Barcelona,Defender,0,0,0,0,2,0,1,1,14,1,2,4,6,1,3,1,203,197,0,0,1,4,0,0,0,0,0,0,0,0,0,0,0,0,0,247,4,29.7
Balde,Barcelona,Defender,0,0,0,0,1,0,1,0,0,0,0,0,1,0,0,0,0,0,0,0,0,2,0,0,0,0,0,0,0,0,0,0,0,0,0,19,2,3.7
Mingueza,Barcelona,Defender,0,0,0,0,0,0,0,0,11,1,1,0,7,1,0,0,140,119,11,2,7,5,0,0,0,0,0,0,0,0,0,0,0,0,0,219,5,27.2
L. de Jong,Barcelona,Forward,0,0,0,0,6,1,5,0,1,0,0,0,1,1,0,0,35,29,0,0,0,3,0,0,0,0,0,0,0,0,0,0,0,0,0,179,3,22.3
Depay,Barcelona,Forward,0,0,0,0,6,0,1,5,2,2,2,0,3,6,0,0,254,203,40,15,8,6,0,0,0,0,0,0,0,0,0,0,0,0,0,525,6,64.4
Coutinho,Barcelona,Forward,0,0,0,0,4,1,2,1,1,0,0,0,1,4,0,0,66,52,3,0,1,4,0,0,0,0,0,0,0,0,0,0,0,0,0,109,4,14.3
Dembélé,Barcelona,Forward,0,0,0,0,4,1,2,1,2,0,1,0,1,2,0,0,57,41,10,2,0,3,0,0,0,0,0,0,0,0,0,0,0,0,0,122,3,14.8
Fati,Barcelona,Forward,0,0,0,0,4,1,1,2,2,1,0,0,6,2,0,0,74,64,2,1,1,3,0,0,0,0,0,1,1,0,0,0,1,0,0,154,3,19.7
Agüero,Barcelona,Forward,0,0,0,0,1,0,0,1,0,0,0,0,0,0,0,0,0,0,0,0,0,0,0,0,0,0,0,0,0,0,0,0,0,0,0,15,1,1.9
Ter Stegen,Barcelona,Goalkeeper,0,0,0,0,0,0,0,0,0,0,0,0,0,0,0,0,213,188,0,0,12,0,16,9,0,3,2,0,0,0,0,0,0,0,0,540,6,29
Gavi,Barcelona,Midfielder,0,0,0,0,4,0,3,1,20,4,5,2,16,7,2,0,164,153,3,0,1,6,0,0,0,0,0,0,0,0,0,0,0,0,0,398,6,54.1
F. de Jong,Barcelona,Midfielder,0,0,0,0,3,1,1,1,25,3,7,3,4,7,1,0,346,312,1,0,8,6,0,0,0,0,0,0,0,0,0,0,0,0,0,523,6,69
Nico González,Barcelona,Midfielder,0,0,0,0,3,0,0,3,12,3,3,1,6,3,1,0,143,129,0,0,1,4,0,0,0,0,0,0,0,0,0,0,0,0,0,247,4,33.6
Demir,Barcelona,Midfielder,0,0,0,0,2,1,1,0,1,0,0,0,1,1,0,0,47,39,0,0,0,3,0,0,0,0,0,0,0,0,0,0,0,0,0,101,3,12.8
Sergio Busquets,Barcelona,Midfielder,0,0,0,0,2,0,1,1,29,9,10,3,9,14,1,0,382,340,0,0,16,6,0,0,0,0,0,0,0,0,0,0,0,0,0,487,6,63.9
Sergi Roberto,Barcelona,Midfielder,0,0,0,0,2,0,1,1,4,1,1,3,0,0,0,0,77,62,5,0,0,0,0,0,0,0,0,0,0,0,0,0,0,0,0,169,3,22
Pedri,Barcelona,Midfielder,0,0,0,0,1,0,1,0,8,0,2,0,2,1,0,0,103,90,1,0,2,2,0,0,0,0,0,0,0,0,0,0,0,0,0,158,2,20.7
Ricard Puig,Barcelona,Midfielder,0,0,0,0,0,0,0,0,1,0,1,0,0,0,0,0,0,0,0,0,0,0,0,0,0,0,0,0,0,0,0,0,0,0,0,17,1,2.4
Pavard,Bayern Munich,Defender,1,0,2,0,10,2,7,1,55,7,5,17,9,4,0,0,676,613,12,4,10,10,0,0,0,0,0,0,0,0,0,0,0,0,0,764,10,96.7
Stanišić,Bayern Munich,Defender,1,0,0,0,0,0,0,0,0,0,0,0,0,0,0,0,0,0,0,0,0,0,0,0,0,0,0,0,0,0,0,0,0,0,0,21,2,3.6
L. Hernández,Bayern Munich,Defender,0,0,0,0,6,1,4,1,49,6,3,15,11,6,2,0,543,496,8,3,12,8,0,0,0,0,0,0,0,0,0,0,0,0,0,572,8,69.4
Süle,Bayern Munich,Defender,0,0,0,0,3,0,3,0,40,1,2,12,4,2,0,0,429,413,2,0,9,7,0,0,0,0,0,0,0,0,0,0,0,0,0,515,7,61.4
Upamecano,Bayern Munich,Defender,0,0,0,0,2,0,1,1,46,1,3,16,10,5,3,0,562,519,2,0,11,8,0,0,0,0,0,0,0,0,0,0,0,0,0,660,8,82.3
Sarr,Bayern Munich,Defender,0,0,0,0,2,0,1,1,3,1,0,1,3,3,1,0,72,62,4,1,0,5,0,0,0,0,0,0,0,0,0,0,0,0,0,125,5,17.3
Richards,Bayern Munich,Defender,0,0,0,0,0,0,0,0,9,2,6,1,3,0,1,0,0,0,0,0,0,4,0,0,0,0,0,0,0,0,0,0,0,0,0,52,4,8.5
Marc Roca,Bayern Munich,Defender,0,0,0,0,0,0,0,0,6,0,1,1,4,0,0,0,0,0,0,0,0,4,0,0,0,0,0,0,0,0,0,0,0,0,0,78,4,11.6
Müller,Bayern Munich,Forward,3,10,8,2,14,8,3,3,18,3,5,2,11,3,0,0,366,283,25,7,1,10,0,0,0,0,0,4,1,2,1,0,3,1,0,778,10,98.5
Coman,Bayern Munich,Forward,3,4,4,59,20,6,10,4,14,0,2,4,6,16,1,0,329,271,42,13,0,9,0,0,0,0,0,2,1,1,0,0,2,0,0,632,9,76.3
Lewandowski,Bayern Munich,Forward,3,0,7,1,31,19,8,4,7,0,4,0,11,13,1,0,206,163,10,1,1,10,0,0,0,0,0,13,8,3,1,1,13,0,3,876,10,99.7
Gnabry,Bayern Munich,Forward,2,3,0,12,18,8,6,4,14,1,1,0,3,1,0,0,231,194,10,2,0,8,0,0,0,0,0,3,2,0,0,0,3,0,0,391,8,46.7
Neuer,Bayern Munich,Goalkeeper,1,0,0,1,0,0,0,0,0,0,0,0,0,0,0,0,352,318,0,0,8,0,14,6,0,4,1,0,0,0,0,0,0,0,0,810,9,51.2
Ulreich,Bayern Munich,Goalkeeper,0,0,0,0,0,0,0,0,0,0,0,0,0,0,0,0,32,31,0,0,1,0,4,1,0,0,2,0,0,0,0,0,0,0,0,90,1,6.2
Sané,Bayern Munich,Midfielder,6,3,3,32,33,13,12,8,23,0,1,0,2,5,0,0,398,346,19,5,8,10,0,0,0,0,0,6,1,5,0,0,3,3,0,798,10,94
Davies,Bayern Munich,Midfielder,2,0,0,18,7,2,3,2,24,2,2,4,7,4,0,0,278,236,15,4,4,7,0,0,0,0,0,0,0,0,0,0,0,0,0,477,7,61.4
Musiala,Bayern Munich,Midfielder,1,0,1,20,10,3,2,5,17,1,1,1,5,5,0,0,168,141,2,0,0,8,0,0,0,0,0,1,0,1,0,0,1,0,0,448,8,59
Tolisso,Bayern Munich,Midfielder,1,0,0,0,4,2,2,0,15,2,1,2,5,3,0,0,197,178,2,0,6,4,0,0,0,0,0,0,0,0,0,0,0,0,0,234,4,31.3
Goretzka,Bayern Munich,Midfielder,0,0,0,0,16,3,7,6,35,5,3,6,7,4,0,0,338,307,3,1,5,6,0,0,0,0,0,0,0,0,0,0,0,0,0,466,6,59.3
Kimmich,Bayern Munich,Midfielder,0,0,0,0,8,2,2,4,41,6,9,3,3,17,1,0,688,616,48,17,31,8,0,0,0,0,0,0,0,0,0,0,0,0,0,702,8,96.4
Sabitzer,Bayern Munich,Midfielder,0,0,0,0,5,0,4,1,7,0,1,0,3,0,1,0,83,72,5,0,2,5,0,0,0,0,0,0,0,0,0,0,0,0,0,133,5,19.6
Choupo-Moting,Bayern Munich,Midfielder,0,0,0,0,3,1,1,1,0,0,0,0,2,1,0,0,0,0,0,0,0,4,0,0,0,0,0,1,0,0,1,0,1,0,0,49,4,6.7
Nianzou,Bayern Munich,Midfielder,0,0,0,0,0,0,0,0,16,2,2,1,6,2,1,0,199,192,0,0,5,4,0,0,0,0,0,0,0,0,0,0,0,0,0,212,4,25.4
Tillman,Bayern Munich,Midfielder,0,0,0,0,0,0,0,0,0,0,0,0,0,0,0,0,0,0,0,0,0,0,0,0,0,0,0,0,0,0,0,0,0,0,0,18,2,3.6
Grimaldo,Benfica,Defender,3,11,1,10,3,1,1,1,34,6,9,24,5,9,2,0,319,257,34,14,21,10,0,0,0,0,0,0,0,0,0,0,0,0,0,863,10,107.7
Vertonghen,Benfica,Defender,1,0,0,3,7,2,3,2,51,6,3,51,5,4,0,0,424,360,1,0,9,10,0,0,0,0,0,0,0,0,0,0,0,0,0,900,10,97.9
Otamendi,Benfica,Defender,0,0,0,0,4,1,3,0,63,17,11,48,17,11,2,0,380,328,1,0,14,9,0,0,0,0,0,0,0,0,0,0,0,0,0,810,9,91.2
Gilberto,Benfica,Defender,0,0,0,0,3,1,0,2,48,8,9,17,16,13,1,0,291,232,13,4,9,9,0,0,0,0,0,1,1,0,0,0,1,0,0,715,9,85.7
Verissimo,Benfica,Defender,0,0,0,0,2,0,2,0,23,1,1,11,2,1,1,0,111,93,0,0,6,3,0,0,0,0,0,0,0,0,0,0,0,0,0,270,3,30.2
Morato,Benfica,Defender,0,0,0,0,1,1,0,0,10,1,1,5,1,0,0,0,134,121,0,0,2,2,0,0,0,0,0,1,0,0,1,0,1,0,0,180,2,19.6
André Almeida,Benfica,Defender,0,0,0,0,0,0,0,0,15,2,4,8,2,5,0,0,103,82,3,1,7,5,0,0,0,0,0,0,0,0,0,0,0,0,0,236,5,29.6
Rafa Silva,Benfica,Forward,1,0,3,27,9,1,4,4,21,6,6,1,8,14,2,0,187,145,8,3,2,9,0,0,0,0,0,1,1,0,0,0,1,0,0,704,9,85.7
Gonçalo Ramos,Benfica,Forward,1,0,0,4,10,2,4,4,14,0,0,2,8,6,2,0,101,76,0,0,1,7,0,0,0,0,0,1,1,0,0,0,1,0,0,369,7,52.1
Yaremchuk,Benfica,Forward,0,0,0,0,15,9,5,1,2,2,3,2,2,13,2,0,103,71,1,0,0,10,0,0,0,0,0,3,0,2,1,0,3,0,0,514,10,66.5
Núñez,Benfica,Forward,0,0,0,0,15,8,7,0,10,2,2,7,6,7,1,0,117,67,18,4,2,10,0,0,0,0,0,6,5,0,1,0,6,0,1,613,10,72.4
Everton,Benfica,Forward,0,0,0,0,9,4,4,1,13,5,2,2,6,9,0,0,115,87,9,4,0,9,0,0,0,0,0,0,0,0,0,0,0,0,0,543,9,67.1
Seferović,Benfica,Forward,0,0,0,0,3,1,1,1,0,0,0,0,0,0,0,0,0,0,0,0,0,0,0,0,0,0,0,0,0,0,0,0,0,0,0,9,1,1.8
Radonjić,Benfica,Forward,0,0,0,0,1,0,0,1,0,0,0,0,1,0,0,0,0,0,0,0,0,1,0,0,0,0,0,0,0,0,0,0,0,0,0,31,1,3.9
Vlachodimos,Benfica,Goalkeeper,0,0,0,0,0,0,0,0,0,0,0,0,0,0,0,0,345,247,0,0,52,0,38,17,1,5,5,0,0,0,0,0,0,0,0,900,10,55.4
João Mário,Benfica,Midfielder,4,8,0,7,1,1,0,0,18,2,4,2,13,13,2,0,268,242,10,4,23,8,0,0,0,0,0,0,0,0,0,0,0,0,0,493,8,66
Pizzi,Benfica,Midfielder,0,0,0,0,3,1,0,2,0,0,0,0,0,0,0,0,61,43,6,1,5,0,0,0,0,0,0,0,0,0,0,0,0,0,0,157,6,21.2
Diogo Gonçalves,Benfica,Midfielder,0,0,0,0,2,1,1,0,6,1,1,4,0,0,0,0,42,35,5,1,1,0,0,0,0,0,0,0,0,0,0,0,0,0,0,131,5,18
Weigl,Benfica,Midfielder,0,0,0,0,2,1,0,1,35,12,11,12,10,5,2,0,351,316,3,0,8,9,0,0,0,0,0,0,0,0,0,0,0,0,0,810,9,112
Meite,Benfica,Midfielder,0,0,0,0,1,0,1,0,9,0,0,3,1,7,0,0,41,35,0,0,3,3,0,0,0,0,0,0,0,0,0,0,0,0,0,155,3,19.9
Taarabt,Benfica,Midfielder,0,0,0,0,0,0,0,0,13,1,3,1,5,4,2,0,149,127,4,0,6,9,0,0,0,0,0,0,0,0,0,0,0,0,0,343,9,45.2
Lázaro,Benfica,Midfielder,0,0,0,0,0,0,0,0,4,1,1,4,2,1,0,0,47,38,0,0,2,6,0,0,0,0,0,0,0,0,0,0,0,0,0,114,6,15.6
Paulo Bernardo,Benfica,Midfielder,0,0,0,0,0,0,0,0,1,0,0,3,0,0,0,0,0,0,0,0,0,0,0,0,0,0,0,0,0,0,0,0,0,0,0,39,5,8.3
Gil Dias,Benfica,Midfielder,0,0,0,0,0,0,0,0,0,0,0,0,0,0,0,0,0,0,0,0,0,0,0,0,0,0,0,0,0,0,0,0,0,0,0,1,1,0.7
Montero,Beşiktaş,Defender,0,0,0,0,1,1,0,0,27,6,6,11,4,3,2,0,168,147,0,0,8,4,0,0,0,0,0,1,0,0,1,0,1,0,0,306,4,34.6
Rosier,Beşiktaş,Defender,0,0,0,0,1,0,1,0,23,3,4,9,4,3,0,0,177,150,14,2,3,5,0,0,0,0,0,0,0,0,0,0,0,0,0,405,5,46.8
Serdar Saatçı,Beşiktaş,Defender,0,0,0,0,1,0,1,0,9,0,0,6,0,0,0,0,22,18,0,0,2,0,0,0,0,0,0,0,0,0,0,0,0,0,0,90,1,9.5
N'Sakala,Beşiktaş,Defender,0,0,0,0,1,0,0,1,14,3,4,5,0,0,0,0,161,134,12,5,0,0,0,0,0,0,0,0,0,0,0,0,0,0,0,270,3,30.1
Welinton,Beşiktaş,Defender,0,0,0,0,0,0,0,0,31,4,9,11,6,1,1,1,183,158,4,0,7,4,0,0,0,0,0,0,0,0,0,0,0,0,0,313,4,33
Vida,Beşiktaş,Defender,0,0,0,0,0,0,0,0,16,1,0,2,4,4,1,0,99,90,0,0,4,2,0,0,0,0,0,0,0,0,0,0,0,0,0,180,2,19.1
Meraş,Beşiktaş,Defender,0,0,0,0,0,0,0,0,12,0,1,8,1,2,0,0,88,71,2,1,2,3,0,0,0,0,0,0,0,0,0,0,0,0,0,253,3,29.9
Rıdvan Yılmaz,Beşiktaş,Defender,0,0,0,0,0,0,0,0,10,0,0,3,1,2,0,0,57,44,2,0,1,2,0,0,0,0,0,0,0,0,0,0,0,0,0,135,2,15.3
Batshuayi,Beşiktaş,Forward,0,0,0,0,10,2,7,1,4,0,2,2,6,3,1,0,88,66,2,0,0,5,0,0,0,0,0,0,0,0,0,0,0,0,0,383,5,43.5
Larin,Beşiktaş,Forward,0,0,0,0,8,5,2,1,7,2,5,4,7,11,3,0,100,78,1,0,0,5,0,0,0,0,0,1,0,0,1,0,1,0,0,354,5,40.2
Kenan Karaman,Beşiktaş,Forward,0,0,0,0,2,0,0,2,7,2,0,1,4,2,0,0,74,56,1,0,0,5,0,0,0,0,0,0,0,0,0,0,0,0,0,264,5,33.7
Ersin Destanoğlu,Beşiktaş,Goalkeeper,0,0,0,0,0,0,0,0,0,0,0,0,0,0,0,0,145,101,0,0,7,0,20,17,0,0,0,0,0,0,0,0,0,0,0,450,5,29.3
Günok,Beşiktaş,Goalkeeper,0,0,0,0,0,0,0,0,0,0,0,0,0,0,0,0,38,25,0,0,1,0,4,2,0,0,0,0,0,0,0,0,0,0,0,90,1,4.8
Pjanic,Beşiktaş,Midfielder,2,9,0,4,3,0,3,0,16,1,1,2,2,6,1,0,216,182,10,6,19,3,0,0,0,0,0,0,0,0,0,0,0,0,0,261,3,32.7
Ghezzal,Beşiktaş,Midfielder,0,0,0,0,8,2,6,0,8,1,6,0,4,6,1,0,161,113,14,2,3,5,0,0,0,0,0,1,0,1,0,0,1,0,1,345,5,38.3
Hutchinson,Beşiktaş,Midfielder,0,0,0,0,4,2,2,0,5,1,0,0,2,3,1,0,90,77,2,1,3,4,0,0,0,0,0,0,0,0,0,0,0,0,0,156,4,19.9
Souza,Beşiktaş,Midfielder,0,0,0,0,3,0,2,1,40,12,8,9,7,3,3,1,267,237,1,0,13,5,0,0,0,0,0,0,0,0,0,0,0,0,0,442,5,55.5
Mehmet Topal,Beşiktaş,Midfielder,0,0,0,0,3,0,0,3,14,1,0,3,1,1,0,0,81,70,0,0,1,3,0,0,0,0,0,0,0,0,0,0,0,0,0,261,3,29.6
Bozdoğan,Beşiktaş,Midfielder,0,0,0,0,2,0,2,0,4,1,0,0,4,7,1,0,52,39,1,1,1,4,0,0,0,0,0,0,0,0,0,0,0,0,0,219,4,28.3
Alex Teixeira,Beşiktaş,Midfielder,0,0,0,0,1,0,1,0,7,2,0,0,2,4,1,0,50,44,0,0,0,3,0,0,0,0,0,0,0,0,0,0,0,0,0,184,3,18.6
N'Koudou,Beşiktaş,Midfielder,0,0,0,0,1,0,0,1,2,1,0,1,0,0,0,0,41,34,1,0,0,0,0,0,0,0,0,0,0,0,0,0,0,0,0,90,1,10.9
Salih Uçan,Beşiktaş,Midfielder,0,0,0,0,0,0,0,0,11,2,2,0,2,0,0,0,57,50,3,0,0,5,0,0,0,0,0,0,0,0,0,0,0,0,0,109,5,15.4
Necip Uysal,Beşiktaş,Midfielder,0,0,0,0,0,0,0,0,5,2,2,3,2,1,0,0,55,37,2,1,4,3,0,0,0,0,0,0,0,0,0,0,0,0,0,189,3,19.8
Gökhan Töre,Beşiktaş,Midfielder,0,0,0,0,0,0,0,0,3,0,0,1,0,0,0,0,0,0,0,0,0,0,0,0,0,0,0,0,0,0,0,0,0,0,0,75,4,11.2
Oğuzhan Özyakup,Beşiktaş,Midfielder,0,0,0,0,0,0,0,0,1,0,1,0,0,0,0,0,0,0,0,0,0,0,0,0,0,0,0,0,0,0,0,0,0,0,0,52,2,7.4
Berkay Vardar,Beşiktaş,Midfielder,0,0,0,0,0,0,0,0,0,0,0,0,0,0,0,0,0,0,0,0,0,0,0,0,0,0,0,0,0,0,0,0,0,0,0,17,1,1.9
Azpilicueta,Chelsea,Defender,1,0,0,3,3,3,0,0,26,3,3,9,9,3,1,0,491,434,19,3,3,9,0,0,0,0,0,1,1,0,0,0,1,0,0,679,9,82
Christensen,Chelsea,Defender,1,0,0,1,3,2,0,1,41,6,4,14,7,4,0,0,552,517,2,1,7,8,0,0,0,0,0,1,1,0,0,0,1,0,0,603,8,62.6
Thiago Silva,Chelsea,Defender,1,0,0,0,7,1,2,4,65,4,5,17,6,5,1,0,607,571,2,2,17,9,0,0,0,0,0,0,0,0,0,0,0,0,0,757,9,71.7
James,Chelsea,Defender,0,0,0,0,12,5,3,4,27,1,1,6,5,7,1,0,359,324,23,7,14,6,0,0,0,0,0,1,1,0,0,0,1,0,0,505,6,54.6
Alonso,Chelsea,Defender,0,0,0,0,12,4,4,4,17,1,2,4,11,7,1,0,300,258,34,13,10,8,0,0,0,0,0,0,0,0,0,0,0,0,0,548,8,68.9
Rüdiger,Chelsea,Defender,0,0,0,0,11,1,8,2,46,5,4,16,11,3,2,0,750,681,4,0,12,9,0,0,0,0,0,1,0,0,1,0,1,0,0,840,9,88.4
Chilwell,Chelsea,Defender,0,0,0,0,8,1,6,1,5,0,1,1,2,1,0,0,87,71,15,4,1,4,0,0,0,0,0,0,0,0,0,0,0,0,0,188,4,23.3
Chalobah,Chelsea,Defender,0,0,0,0,3,1,2,0,7,0,1,4,3,0,1,0,106,92,1,0,5,3,0,0,0,0,0,1,1,0,0,0,1,0,0,175,3,20.4
Sarr,Chelsea,Defender,0,0,0,0,0,0,0,0,9,1,0,7,0,0,0,0,71,68,0,0,0,0,0,0,0,0,0,0,0,0,0,0,0,0,0,100,2,11.9
Werner,Chelsea,Forward,2,0,1,10,10,5,0,5,8,0,0,0,0,0,0,0,71,58,3,0,0,0,0,0,0,0,0,4,4,0,0,0,4,0,0,246,5,29.8
Loftus-Cheek,Chelsea,Forward,1,0,0,15,5,1,3,1,11,2,2,2,5,9,2,0,252,229,7,3,2,8,0,0,0,0,0,0,0,0,0,0,0,0,0,358,8,44.2
Lukaku,Chelsea,Forward,0,0,0,0,11,3,6,2,2,1,0,0,2,2,0,0,61,49,4,3,0,6,0,0,0,0,0,2,0,1,1,0,2,0,0,320,6,31.5
Mendy,Chelsea,Goalkeeper,0,0,0,0,0,0,0,0,0,0,0,0,0,0,0,0,208,173,0,0,7,0,9,7,0,5,2,0,0,0,0,0,0,0,0,840,9,57.4
Kepa,Chelsea,Goalkeeper,0,0,0,0,0,0,0,0,0,0,0,0,0,0,0,0,28,21,0,0,2,0,4,3,0,0,0,0,0,0,0,0,0,0,0,90,1,5.6
Ziyech,Chelsea,Midfielder,2,23,0,12,13,6,2,5,11,2,3,1,13,8,2,0,240,186,41,11,3,9,0,0,0,0,0,1,0,1,0,0,1,0,0,446,9,53.5
Mount,Chelsea,Midfielder,2,7,0,6,11,3,5,3,17,1,3,0,10,6,0,0,268,225,27,7,2,7,0,0,0,0,0,1,1,0,0,0,1,0,0,538,7,60.3
Hudson-Odoi,Chelsea,Midfielder,2,1,1,15,7,3,0,4,7,0,2,0,4,3,1,0,149,134,10,4,0,5,0,0,0,0,0,1,0,1,0,0,1,0,0,289,5,32.3
Jorginho,Chelsea,Midfielder,2,1,0,1,4,2,1,1,38,5,2,2,9,8,0,0,519,477,4,2,12,8,0,0,0,0,0,2,2,0,0,0,2,0,2,561,8,68.7
Pulišić,Chelsea,Midfielder,1,0,1,11,6,2,4,0,3,1,2,0,4,4,0,0,123,106,4,1,0,7,0,0,0,0,0,2,2,0,0,0,2,0,0,367,7,47.3
Kanté,Chelsea,Midfielder,1,0,0,4,3,0,2,1,29,3,6,4,12,2,0,0,274,245,4,2,3,6,0,0,0,0,0,0,0,0,0,0,0,0,0,427,6,52.2
Havertz,Chelsea,Midfielder,0,0,0,0,26,11,9,6,7,0,3,6,12,9,1,0,248,210,3,2,0,9,0,0,0,0,0,3,0,1,2,0,3,0,0,672,9,86.3
Saúl Ñíguez,Chelsea,Midfielder,0,0,0,0,5,2,3,0,8,4,0,5,3,1,0,0,92,79,9,0,0,5,0,0,0,0,0,0,0,0,0,0,0,0,0,159,5,23
Kovačić,Chelsea,Midfielder,0,0,0,0,4,0,2,2,16,5,7,1,6,4,0,0,457,425,0,0,7,6,0,0,0,0,0,0,0,0,0,0,0,0,0,426,6,50.3
Barkley,Chelsea,Midfielder,0,0,0,0,3,1,1,1,3,0,0,0,0,0,0,0,69,61,8,3,3,0,0,0,0,0,0,0,0,0,0,0,0,0,0,96,3,12.7
Sobol,Club Brugge,Defender,1,0,0,4,2,0,2,0,14,3,1,11,3,2,0,0,96,74,4,1,1,4,0,0,0,0,0,0,0,0,0,0,0,0,0,331,4,39.1
Ricca,Club Brugge,Defender,0,0,0,0,3,0,3,0,12,0,0,11,0,0,0,0,61,47,4,1,1,0,0,0,0,0,0,0,0,0,0,0,0,0,0,164,4,21.9
Clinton Mata,Club Brugge,Defender,0,0,0,0,2,1,1,0,22,4,4,14,7,10,1,0,200,144,11,3,10,6,0,0,0,0,0,0,0,0,0,0,0,0,0,528,6,59.9
Hendry,Club Brugge,Defender,0,0,0,0,2,1,0,1,42,4,2,18,4,2,0,0,175,148,1,0,9,6,0,0,0,0,0,0,0,0,0,0,0,0,0,540,6,61
Nsoki,Club Brugge,Defender,0,0,0,0,0,0,0,0,41,2,5,27,7,2,1,0,184,162,0,0,4,6,0,0,0,0,0,0,0,0,0,0,0,0,0,484,6,56.8
Van Der Brempt,Club Brugge,Defender,0,0,0,0,0,0,0,0,11,3,2,2,5,4,0,0,58,40,7,2,2,5,0,0,0,0,0,0,0,0,0,0,0,0,0,162,5,21.5
Mechele,Club Brugge,Defender,0,0,0,0,0,0,0,0,5,0,1,5,0,0,0,0,38,32,0,0,1,0,0,0,0,0,0,0,0,0,0,0,0,0,0,131,3,16.5
Mbamba-Muanda,Club Brugge,Defender,0,0,0,0,0,0,0,0,3,0,1,0,0,0,0,0,0,0,0,0,0,0,0,0,0,0,0,0,0,0,0,0,0,0,0,55,3,8.7
Maouassa,Club Brugge,Defender,0,0,0,0,0,0,0,0,0,0,0,0,0,0,0,0,0,0,0,0,0,0,0,0,0,0,0,0,0,0,0,0,0,0,0,1,1,0.2
Lang,Club Brugge,Forward,1,12,5,17,10,5,2,3,16,3,4,3,2,8,3,0,214,152,24,1,8,6,0,0,0,0,0,0,0,0,0,0,0,0,0,528,6,68.9
De Ketelaere,Club Brugge,Forward,1,6,10,6,8,5,2,1,9,0,1,1,1,11,0,0,157,116,13,4,2,6,0,0,0,0,0,0,0,0,0,0,0,0,0,500,6,58.5
Sowah,Club Brugge,Forward,0,0,0,0,6,0,3,3,11,1,6,4,5,2,0,0,110,77,14,1,0,5,0,0,0,0,0,0,0,0,0,0,0,0,0,298,5,38.4
Dost,Club Brugge,Forward,0,0,0,0,2,1,1,0,0,0,0,0,2,1,0,0,0,0,0,0,0,3,0,0,0,0,0,0,0,0,0,0,0,0,0,68,3,8.6
Izquierdo,Club Brugge,Forward,0,0,0,0,1,0,0,1,0,0,0,0,0,0,0,0,0,0,0,0,0,0,0,0,0,0,0,0,0,0,0,0,0,0,0,8,1,1.3
Wesley,Club Brugge,Forward,0,0,0,0,0,0,0,0,0,0,0,0,0,0,0,0,0,0,0,0,0,0,0,0,0,0,0,0,0,0,0,0,0,0,0,26,2,3.7
Mignolet,Club Brugge,Goalkeeper,0,0,0,0,0,0,0,0,0,0,0,0,0,0,0,0,216,166,0,0,18,0,28,20,0,0,1,0,0,0,0,0,0,0,0,540,6,33.2
Vormer,Club Brugge,Midfielder,1,6,1,0,2,0,1,1,3,2,2,1,3,0,0,0,80,68,10,2,5,4,0,0,0,0,0,0,0,0,0,0,0,0,0,156,4,20.9
Vanaken,Club Brugge,Midfielder,1,2,0,7,12,6,1,5,22,0,1,3,3,5,0,0,288,241,1,1,7,6,0,0,0,0,0,3,3,0,0,0,3,0,0,540,6,69.4
Rits,Club Brugge,Midfielder,0,0,0,0,8,4,2,2,14,3,2,2,2,4,0,0,129,101,3,1,3,6,0,0,0,0,0,2,1,1,0,0,2,0,0,417,6,53.9
Sandra,Club Brugge,Midfielder,0,0,0,0,1,1,0,0,0,0,0,0,0,0,0,0,0,0,0,0,0,0,0,0,0,0,0,0,0,0,0,0,0,0,0,56,1,6.9
Balanta,Club Brugge,Midfielder,0,0,0,0,0,0,0,0,37,3,7,9,18,3,4,0,155,124,2,0,1,5,0,0,0,0,0,0,0,0,0,0,0,0,0,407,5,50.7
Meunier,Borussia Dortmund,Defender,1,0,1,7,1,1,0,0,42,0,3,9,6,1,1,0,271,212,18,1,3,6,0,0,0,0,0,0,0,0,0,0,0,0,0,484,6,65.6
Schulz,Borussia Dortmund,Defender,1,0,0,2,0,0,0,0,10,0,2,0,2,0,0,0,129,110,3,3,1,4,0,0,0,0,0,0,0,0,0,0,0,0,0,195,4,24.5
Hummels,Borussia Dortmund,Defender,0,0,0,0,3,0,3,0,28,1,7,12,6,1,1,1,310,277,0,0,3,5,0,0,0,0,0,0,0,0,0,0,0,0,0,358,5,41.2
Akanji,Borussia Dortmund,Defender,0,0,0,0,2,0,1,1,39,2,3,12,1,2,0,0,299,262,1,0,9,5,0,0,0,0,0,0,0,0,0,0,0,0,0,450,5,50.6
Guerreiro,Borussia Dortmund,Defender,0,0,0,0,2,0,1,1,8,0,1,2,0,0,0,0,129,111,4,0,4,0,0,0,0,0,0,0,0,0,0,0,0,0,0,182,3,23.1
Pongračić,Borussia Dortmund,Defender,0,0,0,0,0,0,0,0,9,2,0,2,1,0,0,0,89,78,0,0,4,5,0,0,0,0,0,0,0,0,0,0,0,0,0,170,5,20.6
Zagadou,Borussia Dortmund,Defender,0,0,0,0,0,0,0,0,7,0,0,3,2,0,1,0,111,103,1,1,0,2,0,0,0,0,0,0,0,0,0,0,0,0,0,97,2,12.3
Emre Can,Borussia Dortmund,Defender,0,0,0,0,0,0,0,0,2,0,0,0,1,1,0,1,0,0,0,0,0,2,0,0,0,0,0,0,0,0,0,0,0,0,0,74,2,8.4
Haaland,Borussia Dortmund,Forward,0,0,0,0,12,7,5,0,5,0,0,4,2,2,0,0,50,27,1,0,0,3,0,0,0,0,0,3,0,1,2,0,3,0,0,203,3,22.3
Malen,Borussia Dortmund,Forward,0,0,0,0,11,5,3,3,6,0,0,0,6,5,0,0,137,107,6,2,2,6,0,0,0,0,0,3,1,2,0,0,3,0,0,392,6,43.7
Reinier,Borussia Dortmund,Forward,0,0,0,0,2,0,2,0,6,0,2,0,4,0,0,0,71,64,1,0,0,3,0,0,0,0,0,0,0,0,0,0,0,0,0,126,3,16.7
Tigges,Borussia Dortmund,Forward,0,0,0,0,2,0,1,1,0,0,0,0,4,1,0,0,19,9,0,0,0,2,0,0,0,0,0,0,0,0,0,0,0,0,0,100,2,13.4
Moukoko,Borussia Dortmund,Forward,0,0,0,0,2,0,1,1,1,0,0,0,2,0,1,0,0,0,0,0,0,1,0,0,0,0,0,0,0,0,0,0,0,0,0,20,1,3.2
Kobel,Borussia Dortmund,Goalkeeper,0,0,0,0,0,0,0,0,0,0,0,0,0,0,0,0,175,152,0,0,8,0,14,11,1,2,1,0,0,0,0,0,0,0,0,540,6,35.4
Bellingham,Borussia Dortmund,Midfielder,3,1,1,24,13,4,6,3,24,9,7,5,8,17,1,0,281,246,7,2,4,6,0,0,0,0,0,1,1,0,0,0,1,0,0,503,6,62.3
Dahoud,Borussia Dortmund,Midfielder,2,7,1,3,6,1,1,4,11,0,1,0,2,2,0,0,141,117,5,3,2,4,0,0,0,0,0,0,0,0,0,0,0,0,0,212,4,28.2
Reus,Borussia Dortmund,Midfielder,1,5,7,5,15,9,3,3,15,0,1,7,4,3,1,0,215,182,14,1,8,6,0,0,0,0,0,3,3,0,0,0,3,0,2,499,6,62.7
Brandt,Borussia Dortmund,Midfielder,0,0,0,0,4,0,3,1,23,0,1,2,2,2,0,0,240,198,19,5,5,5,0,0,0,0,0,0,0,0,0,0,0,0,0,395,5,51.8
Wolf,Borussia Dortmund,Midfielder,0,0,0,0,3,1,1,1,3,0,5,3,3,0,0,0,66,50,8,2,0,5,0,0,0,0,0,0,0,0,0,0,0,0,0,170,5,24.3
T. Hazard,Borussia Dortmund,Midfielder,0,0,0,0,3,0,2,1,4,0,2,1,0,0,0,0,66,54,6,2,1,0,0,0,0,0,0,0,0,0,0,0,0,0,0,142,3,19
Witsel,Borussia Dortmund,Midfielder,0,0,0,0,1,1,0,0,35,2,3,5,5,4,1,0,311,294,0,0,6,6,0,0,0,0,0,0,0,0,0,0,0,0,0,471,6,59.8
Knauff,Borussia Dortmund,Midfielder,0,0,0,0,1,0,1,0,1,2,2,0,3,1,1,0,0,0,0,0,0,3,0,0,0,0,0,0,0,0,0,0,0,0,0,20,3,5.1
Passlack,Borussia Dortmund,Midfielder,0,0,0,0,1,0,0,1,3,0,0,6,0,0,0,0,0,0,0,0,0,0,0,0,0,0,0,0,0,0,0,0,0,0,0,60,2,7.6
Karavaev,Dynamo Kyiv,Defender,0,0,0,0,3,0,1,2,4,0,1,4,1,3,0,0,57,44,4,1,3,6,0,0,0,0,0,0,0,0,0,0,0,0,0,154,6,21.6
Mykolenko,Dynamo Kyiv,Defender,0,0,0,0,2,1,1,0,22,2,4,9,3,5,0,0,201,171,9,2,6,5,0,0,0,0,0,0,0,0,0,0,0,0,0,450,5,56.4
Zabarnyi,Dynamo Kyiv,Defender,0,0,0,0,2,0,2,0,26,2,2,26,5,8,1,0,241,221,1,0,10,6,0,0,0,0,0,0,0,0,0,0,0,0,0,540,6,67.1
Tymchyk,Dynamo Kyiv,Defender,0,0,0,0,1,1,0,0,10,0,1,1,2,3,1,0,94,75,3,0,2,4,0,0,0,0,0,0,0,0,0,0,0,0,0,160,4,22
Syrota,Dynamo Kyiv,Defender,0,0,0,0,1,0,1,0,23,3,1,24,4,0,0,0,224,194,0,0,4,5,0,0,0,0,0,0,0,0,0,0,0,0,0,450,5,54
Kędziora,Dynamo Kyiv,Defender,0,0,0,0,0,0,0,0,12,4,4,8,3,3,0,0,129,106,6,1,6,5,0,0,0,0,0,0,0,0,0,0,0,0,0,366,5,44.4
Shabanov,Dynamo Kyiv,Defender,0,0,0,0,0,0,0,0,2,0,0,5,0,0,0,0,35,33,0,0,0,0,0,0,0,0,0,0,0,0,0,0,0,0,0,90,1,10.7
Supryaha,Dynamo Kyiv,Forward,0,0,0,0,0,0,0,0,1,1,2,0,2,2,0,0,0,0,0,0,0,2,0,0,0,0,0,0,0,0,0,0,0,0,0,81,2,10.9
Shkurin,Dynamo Kyiv,Forward,0,0,0,0,0,0,0,0,1,0,1,2,0,0,0,0,22,14,0,0,0,0,0,0,0,0,0,0,0,0,0,0,0,0,0,104,2,14
Eric Ramirez,Dynamo Kyiv,Forward,0,0,0,0,0,0,0,0,0,0,0,0,1,0,0,0,0,0,0,0,0,2,0,0,0,0,0,0,0,0,0,0,0,0,0,16,2,2.7
Boyko,Dynamo Kyiv,Goalkeeper,0,0,0,0,0,0,0,0,0,0,0,0,0,0,0,0,31,23,0,0,2,0,4,0,0,1,2,0,0,0,0,0,0,0,0,90,1,4.5
Bushchan,Dynamo Kyiv,Goalkeeper,0,0,0,0,0,0,0,0,0,0,0,0,0,0,0,0,200,142,0,0,18,0,13,11,0,0,4,0,0,0,0,0,0,0,0,450,5,25.6
Tsygankov,Dynamo Kyiv,Midfielder,1,10,0,8,9,2,4,3,20,1,4,6,3,5,1,0,174,148,9,2,3,6,0,0,0,0,0,0,0,0,0,0,0,0,0,490,6,65.8
Shaparenko,Dynamo Kyiv,Midfielder,0,0,0,0,7,3,4,0,33,4,7,4,7,8,1,0,321,287,9,4,17,6,0,0,0,0,0,0,0,0,0,0,0,0,0,486,6,68.7
Garmash,Dynamo Kyiv,Midfielder,0,0,0,0,7,3,1,3,10,2,7,1,11,15,2,0,88,69,2,0,0,6,0,0,0,0,0,1,1,0,0,0,1,0,0,325,6,42.7
Buyalskiy,Dynamo Kyiv,Midfielder,0,0,0,0,4,3,0,1,8,2,3,1,2,14,1,0,101,84,2,1,0,5,0,0,0,0,0,0,0,0,0,0,0,0,0,436,5,58.5
De Pena,Dynamo Kyiv,Midfielder,0,0,0,0,4,2,0,2,10,1,1,3,0,0,0,0,124,87,10,1,3,0,0,0,0,0,0,0,0,0,0,0,0,0,0,375,6,49
Sydorchuk,Dynamo Kyiv,Midfielder,0,0,0,0,3,1,2,0,37,3,2,8,3,4,2,0,297,262,1,0,13,6,0,0,0,0,0,0,0,0,0,0,0,0,0,536,6,69.1
Verbič,Dynamo Kyiv,Midfielder,0,0,0,0,3,0,1,2,4,1,1,0,3,4,1,0,26,18,0,0,0,3,0,0,0,0,0,0,0,0,0,0,0,0,0,91,3,13.1
Vitinho,Dynamo Kyiv,Midfielder,0,0,0,0,1,0,1,0,3,0,0,0,1,4,0,0,28,21,2,0,0,3,0,0,0,0,0,0,0,0,0,0,0,0,0,93,3,13.5
Andriyevskiy,Dynamo Kyiv,Midfielder,0,0,0,0,0,0,0,0,6,0,1,0,0,0,0,0,48,40,0,0,2,0,0,0,0,0,0,0,0,0,0,0,0,0,0,94,2,12.9
Shepeliev,Dynamo Kyiv,Midfielder,0,0,0,0,0,0,0,0,5,1,1,0,3,0,0,0,0,0,0,0,0,2,0,0,0,0,0,0,0,0,0,0,0,0,0,54,2,8.7
Lednev,Dynamo Kyiv,Midfielder,0,0,0,0,0,0,0,0,0,0,0,0,0,0,0,0,0,0,0,0,0,0,0,0,0,0,0,0,0,0,0,0,0,0,0,9,1,2.1
Dumfries,Inter Milan,Defender,1,0,0,5,6,1,4,1,10,1,5,4,12,7,1,0,124,93,14,2,0,7,0,0,0,0,0,0,0,0,0,0,0,0,0,467,7,60.2
Škriniar,Inter Milan,Defender,0,0,0,0,10,3,6,1,38,6,5,26,5,7,1,0,451,416,4,2,11,8,0,0,0,0,0,1,1,0,0,0,1,0,0,720,8,85.1
Dimarco,Inter Milan,Defender,0,0,0,0,6,2,2,2,12,2,0,7,3,2,1,0,158,138,37,11,10,7,0,0,0,0,0,0,0,0,0,0,0,0,0,283,7,36.3
De Vrij,Inter Milan,Defender,0,0,0,0,4,3,1,0,31,4,1,16,5,2,0,0,322,301,0,0,4,6,0,0,0,0,0,1,1,0,0,0,1,0,0,487,6,55.4
Ranocchia,Inter Milan,Defender,0,0,0,0,2,1,1,0,5,0,0,1,2,1,0,0,38,31,0,0,2,3,0,0,0,0,0,0,0,0,0,0,0,0,0,98,3,10.9
D'Ambrosio,Inter Milan,Defender,0,0,0,0,2,0,2,0,7,1,2,0,4,1,1,0,64,56,3,0,2,3,0,0,0,0,0,0,0,0,0,0,0,0,0,147,3,19.2
Darmian,Inter Milan,Defender,0,0,0,0,2,0,1,1,3,1,1,2,1,2,1,0,57,41,5,1,1,5,0,0,0,0,0,0,0,0,0,0,0,0,0,196,5,25.1
Bastoni,Inter Milan,Defender,0,0,0,0,1,0,1,0,46,2,5,18,11,8,2,0,432,387,11,2,18,8,0,0,0,0,0,0,0,0,0,0,0,0,0,666,8,76.6
Kolarov,Inter Milan,Defender,0,0,0,0,0,0,0,0,0,0,0,0,0,0,0,0,0,0,0,0,0,0,0,0,0,0,0,0,0,0,0,0,0,0,0,5,1,1.1
Alexis Sánchez,Inter Milan,Forward,1,0,3,2,2,1,1,0,4,2,4,0,2,2,2,1,67,54,0,0,0,6,0,0,0,0,0,1,1,0,0,0,1,0,0,155,6,19
Džeko,Inter Milan,Forward,1,0,2,4,25,12,6,7,6,0,0,5,3,10,0,0,157,116,6,0,1,7,0,0,0,0,0,3,1,1,1,0,3,0,0,541,7,64.6
Martínez,Inter Milan,Forward,0,0,0,0,28,7,10,11,13,4,7,0,7,9,1,0,121,97,1,0,0,8,0,0,0,0,0,1,1,0,0,0,0,1,0,587,8,67.4
Correa,Inter Milan,Forward,0,0,0,0,1,1,0,0,0,0,0,0,1,2,0,0,27,24,1,0,0,5,0,0,0,0,0,0,0,0,0,0,0,0,0,106,5,14.8
Handanovič,Inter Milan,Goalkeeper,0,0,0,0,0,0,0,0,0,0,0,0,0,0,0,0,253,230,0,0,7,0,12,7,0,3,5,0,0,0,0,0,0,0,0,720,8,32
Vidal,Inter Milan,Midfielder,2,0,0,2,3,2,0,1,30,10,9,9,10,6,1,0,254,222,3,2,3,7,0,0,0,0,0,1,0,1,0,0,1,0,0,409,7,53.2
Perišić,Inter Milan,Midfielder,1,0,2,13,15,4,7,4,31,1,0,13,6,1,0,0,219,168,47,12,0,8,0,0,0,0,0,0,0,0,0,0,0,0,0,531,8,65.5
Brozović,Inter Milan,Midfielder,0,0,0,0,11,1,4,6,38,6,9,6,5,6,0,0,559,506,8,6,26,8,0,0,0,0,0,1,1,0,0,0,1,0,0,635,8,89.3
Barella,Inter Milan,Midfielder,0,0,0,0,7,0,7,0,13,3,7,2,3,7,0,1,306,265,8,4,5,6,0,0,0,0,0,0,0,0,0,0,0,0,0,496,6,65.4
Hakan Çalhanoğlu,Inter Milan,Midfielder,0,0,0,0,5,1,3,1,14,2,6,2,5,4,0,0,262,225,34,16,4,6,0,0,0,0,0,0,0,0,0,0,0,0,0,419,6,55.2
Sensi,Inter Milan,Midfielder,0,0,0,0,3,1,2,0,0,0,0,0,0,0,0,0,0,0,0,0,0,0,0,0,0,0,0,0,0,0,0,0,0,0,0,9,2,2.2
Vecino,Inter Milan,Midfielder,0,0,0,0,0,0,0,0,3,0,0,2,0,0,0,0,40,29,1,0,0,0,0,0,0,0,0,0,0,0,0,0,0,0,0,124,4,18.9
Gagliardini,Inter Milan,Midfielder,0,0,0,0,0,0,0,0,2,2,1,2,1,1,1,0,0,0,0,0,0,5,0,0,0,0,0,0,0,0,0,0,0,0,0,66,5,11.6
De Sciglio,Juventus,Defender,1,0,0,4,0,0,0,0,24,5,0,4,5,2,0,0,144,126,23,7,0,4,0,0,0,0,0,0,0,0,0,0,0,0,0,286,4,33.3
Danilo,Juventus,Defender,1,0,0,1,2,0,0,2,24,1,8,21,4,6,0,0,362,331,7,0,9,5,0,0,0,0,0,0,0,0,0,0,0,0,0,450,5,49.9
Alex Sandro,Juventus,Defender,0,0,0,0,6,1,5,0,32,4,7,11,8,9,0,0,325,284,7,1,11,7,0,0,0,0,0,1,0,0,1,0,1,0,0,553,7,69
Rugani,Juventus,Defender,0,0,0,0,1,1,0,0,15,1,1,4,3,1,0,0,130,122,0,0,0,4,0,0,0,0,0,0,0,0,0,0,0,0,0,177,4,21.7
De Ligt,Juventus,Defender,0,0,0,0,1,0,0,1,49,4,1,24,3,2,2,0,346,307,1,1,8,7,0,0,0,0,0,0,0,0,0,0,0,0,0,627,7,71.5
Bonucci,Juventus,Defender,0,0,0,0,0,0,0,0,36,2,4,17,0,0,0,0,434,391,0,0,15,0,0,0,0,0,0,0,0,0,0,0,0,0,0,580,7,60.6
De Winter,Juventus,Defender,0,0,0,0,0,0,0,0,5,1,0,0,1,1,0,0,0,0,0,0,0,2,0,0,0,0,0,0,0,0,0,0,0,0,0,81,2,10.8
Chiellini,Juventus,Defender,0,0,0,0,0,0,0,0,0,0,0,0,1,0,0,0,0,0,0,0,0,1,0,0,0,0,0,0,0,0,0,0,0,0,0,7,1,1.3
Luca Pellegrini,Juventus,Defender,0,0,0,0,0,0,0,0,0,0,0,0,0,0,0,0,0,0,0,0,0,0,0,0,0,0,0,0,0,0,0,0,0,0,0,3,1,1
Dybala,Juventus,Forward,1,2,0,8,12,5,7,0,7,1,1,0,2,6,0,0,178,156,9,1,3,5,0,0,0,0,0,3,0,3,0,0,3,0,2,255,5,30.6
Morata,Juventus,Forward,0,0,0,0,18,7,8,3,11,0,0,7,5,13,0,0,137,108,4,0,0,7,0,0,0,0,0,2,1,1,0,0,2,0,0,520,7,60.2
Chiesa,Juventus,Forward,0,0,0,0,13,4,8,1,4,0,1,1,5,11,0,0,90,77,12,3,1,4,0,0,0,0,0,2,0,2,0,0,2,0,0,336,4,37.5
Kean,Juventus,Forward,0,0,0,0,9,4,4,1,2,0,0,1,5,0,0,0,44,29,0,0,0,6,0,0,0,0,0,1,0,0,1,0,1,0,0,168,6,20.6
Vlahović,Juventus,Forward,0,0,0,0,5,4,1,0,0,0,0,0,0,0,0,0,29,22,1,0,0,0,0,0,0,0,0,1,1,0,0,0,1,0,0,180,2,20.9
Da Graca,Juventus,Forward,0,0,0,0,0,0,0,0,0,0,0,0,0,0,0,0,0,0,0,0,0,0,0,0,0,0,0,0,0,0,0,0,0,0,0,1,1,0.8
Szczęsny,Juventus,Goalkeeper,0,0,0,0,0,0,0,0,0,0,0,0,0,0,0,0,176,145,0,0,8,0,14,10,0,3,3,0,0,0,0,0,0,0,0,630,7,31.4
Perin,Juventus,Goalkeeper,0,0,0,0,0,0,0,0,0,0,0,0,0,0,0,0,19,15,0,0,0,0,2,0,0,1,0,0,0,0,0,0,0,0,0,90,1,4.3
Bernardeschi,Juventus,Midfielder,2,7,1,7,7,5,1,1,10,1,1,2,2,4,0,0,131,111,18,7,7,5,0,0,0,0,0,0,0,0,0,0,0,0,0,292,5,36.3
Bentancur,Juventus,Midfielder,1,0,1,2,2,0,2,0,23,3,4,2,5,2,0,0,206,176,4,0,0,5,0,0,0,0,0,0,0,0,0,0,0,0,0,382,5,48.7
Rabiot,Juventus,Midfielder,0,0,0,0,8,2,4,2,27,6,5,5,6,4,2,0,267,243,5,1,0,7,0,0,0,0,0,0,0,0,0,0,0,0,0,536,7,67.6
Locatelli,Juventus,Midfielder,0,0,0,0,8,0,6,2,24,7,8,1,7,5,1,0,363,316,3,1,12,7,0,0,0,0,0,0,0,0,0,0,0,0,0,539,7,69.8
McKennie,Juventus,Midfielder,0,0,0,0,7,3,3,1,15,0,5,3,3,2,0,0,170,153,3,0,1,6,0,0,0,0,0,0,0,0,0,0,0,0,0,388,6,51.9
Cuadrado,Juventus,Midfielder,0,0,0,0,3,0,3,0,23,1,5,9,3,9,2,0,256,226,28,9,3,7,0,0,0,0,0,0,0,0,0,0,0,0,0,472,7,56.2
Arthur,Juventus,Midfielder,0,0,0,0,2,0,2,0,14,2,1,1,4,4,1,0,293,278,2,1,7,6,0,0,0,0,0,0,0,0,0,0,0,0,0,264,6,35.2
Kulusevski,Juventus,Midfielder,0,0,0,0,1,1,0,0,2,1,0,1,6,0,1,0,0,0,0,0,0,5,0,0,0,0,0,1,0,0,1,0,1,0,0,80,5,14.3
Miretti,Juventus,Midfielder,0,0,0,0,0,0,0,0,1,0,0,0,0,0,0,0,0,0,0,0,0,0,0,0,0,0,0,0,0,0,0,0,0,0,0,1,1,0.8
Zakaria,Juventus,Midfielder,0,0,0,0,0,0,0,0,1,0,0,0,0,0,0,0,0,0,0,0,0,0,0,0,0,0,0,0,0,0,0,0,0,0,0,9,1,1.8
Ramsey,Juventus,Midfielder,0,0,0,0,0,0,0,0,0,0,0,0,1,0,1,0,0,0,0,0,0,2,0,0,0,0,0,0,0,0,0,0,0,0,0,14,2,3.2
Zeki Çelik,Lille,Defender,1,0,1,5,4,0,4,0,29,4,4,8,6,3,1,0,297,233,12,4,9,7,0,0,0,0,0,0,0,0,0,0,0,0,0,591,7,71.3
Botman,Lille,Defender,0,0,0,0,3,1,2,0,37,5,2,20,1,3,1,0,248,220,0,0,13,5,0,0,0,0,0,0,0,0,0,0,0,0,0,418,5,47.4
Fonte,Lille,Defender,0,0,0,0,3,0,2,1,47,9,4,29,6,5,3,0,369,328,0,0,14,8,0,0,0,0,0,0,0,0,0,0,0,0,0,720,8,81.3
Gudmundsson,Lille,Defender,0,0,0,0,2,0,1,1,10,2,0,4,2,7,1,0,76,53,9,0,2,4,0,0,0,0,0,0,0,0,0,0,0,0,0,243,4,29.1
Tiago Djaló,Lille,Defender,0,0,0,0,1,0,1,0,39,6,2,24,5,8,1,0,276,236,3,0,3,7,0,0,0,0,0,0,0,0,0,0,0,0,0,533,7,60.5
Bradarić,Lille,Defender,0,0,0,0,0,0,0,0,1,0,1,1,1,0,0,0,0,0,0,0,0,1,0,0,0,0,0,0,0,0,0,0,0,0,0,13,1,2
Reinildo,Lille,Defender,0,0,0,0,0,0,0,0,0,0,0,0,0,0,0,0,364,302,10,3,11,0,0,0,0,0,0,0,0,0,0,0,0,0,0,816,10,88.8
Burak Yilmaz,Lille,Forward,0,0,0,0,25,8,9,8,0,0,0,0,0,0,0,0,0,0,0,0,0,0,0,0,0,0,0,0,0,0,0,0,0,0,0,0,0,0
David,Lille,Forward,0,0,0,0,12,5,5,2,11,1,0,1,4,12,0,0,148,122,3,3,1,8,0,0,0,0,0,3,1,2,0,0,3,0,1,679,8,86.1
Weah,Lille,Forward,0,0,0,0,5,0,2,3,5,1,0,3,2,2,0,0,66,51,4,1,0,5,0,0,0,0,0,0,0,0,0,0,0,0,0,255,5,29.4
Bamba,Lille,Forward,0,0,0,0,4,1,0,3,19,1,4,7,7,11,3,0,218,174,25,10,8,6,0,0,0,0,0,0,0,0,0,0,0,0,0,468,6,58.2
Burak Yılmaz,Lille,Forward,0,0,0,0,0,0,0,0,2,0,1,1,8,11,2,0,130,91,12,2,9,7,0,0,0,0,0,3,2,1,0,0,2,1,1,529,7,56.2
Lihadji,Lille,Forward,0,0,0,0,0,0,0,0,0,0,0,0,0,0,0,0,0,0,0,0,0,0,0,0,0,0,0,0,0,0,0,0,0,0,0,23,3,4.5
Leo Jardim,Lille,Goalkeeper,0,0,0,0,0,0,0,0,0,0,0,0,0,0,0,0,37,26,0,0,2,0,4,4,0,0,0,0,0,0,0,0,0,0,0,180,2,11.1
Grbić,Lille,Goalkeeper,0,0,0,0,0,0,0,0,0,0,0,0,0,0,0,0,165,85,0,0,24,0,13,4,0,3,1,0,0,0,0,0,0,0,0,540,6,31.9
Ikoné,Lille,Midfielder,2,0,1,15,11,4,2,5,9,0,0,1,6,2,4,0,97,75,0,0,1,5,0,0,0,0,0,1,1,0,0,0,1,0,0,297,5,35.3
Gomes,Lille,Midfielder,1,0,1,3,3,1,2,0,5,0,2,1,1,4,0,0,54,40,2,1,0,4,0,0,0,0,0,1,1,0,0,0,1,0,0,168,4,19.7
André,Lille,Midfielder,0,0,0,0,5,1,1,3,49,12,12,11,9,10,3,0,352,289,4,0,7,7,0,0,0,0,0,0,0,0,0,0,0,0,0,630,7,80
Renato Sanches,Lille,Midfielder,0,0,0,0,4,1,2,1,12,1,2,6,9,8,0,0,204,163,9,1,5,5,0,0,0,0,0,0,0,0,0,0,0,0,0,407,5,49.2
Xeka,Lille,Midfielder,0,0,0,0,4,0,3,1,19,1,7,4,6,5,3,0,218,180,9,3,16,7,0,0,0,0,0,0,0,0,0,0,0,0,0,435,7,54.1
Onana,Lille,Midfielder,0,0,0,0,2,0,1,1,17,6,1,3,1,3,0,0,95,76,0,0,1,8,0,0,0,0,0,0,0,0,0,0,0,0,0,257,8,34.9
Yusuf Yazıcı,Lille,Midfielder,0,0,0,0,1,0,0,1,1,0,0,0,2,2,1,0,0,0,0,0,0,4,0,0,0,0,0,0,0,0,0,0,0,0,0,47,4,8.7
Ben Arfa,Lille,Midfielder,0,0,0,0,1,0,0,1,0,0,0,0,1,1,1,0,0,0,0,0,0,2,0,0,0,0,0,0,0,0,0,0,0,0,0,22,2,3.6
Zhegrova,Lille,Midfielder,0,0,0,0,0,0,0,0,1,0,0,0,1,0,0,0,0,0,0,0,0,1,0,0,0,0,0,0,0,0,0,0,0,0,0,9,1,1.9
Angeliño,RB Leipzig,Defender,3,8,0,4,5,0,2,3,14,2,1,5,4,2,2,1,180,132,30,8,10,5,0,0,0,0,0,0,0,0,0,0,0,0,0,432,5,50.7
Mukiele,RB Leipzig,Defender,1,0,0,3,5,2,2,1,30,3,6,18,9,8,0,0,196,144,15,2,10,6,0,0,0,0,0,1,1,0,0,0,1,0,0,484,6,57
Gvardiol,RB Leipzig,Defender,0,0,0,0,4,0,2,2,39,5,4,12,8,3,0,0,196,162,2,0,3,6,0,0,0,0,0,0,0,0,0,0,0,0,0,334,6,41.5
Henrichs,RB Leipzig,Defender,0,0,0,0,2,0,2,0,3,1,0,3,1,0,0,0,0,0,0,0,0,4,0,0,0,0,0,0,0,0,0,0,0,0,0,51,4,7.2
Simakan,RB Leipzig,Defender,0,0,0,0,1,0,1,0,22,2,3,8,6,3,2,0,158,142,1,1,7,4,0,0,0,0,0,0,0,0,0,0,0,0,0,297,4,32
Orbán,RB Leipzig,Defender,0,0,0,0,0,0,0,0,25,4,1,10,4,3,1,0,194,176,0,0,6,4,0,0,0,0,0,0,0,0,0,0,0,0,0,315,4,35.6
Klostermann,RB Leipzig,Defender,0,0,0,0,0,0,0,0,24,3,1,17,3,0,1,0,161,140,1,0,2,5,0,0,0,0,0,0,0,0,0,0,0,0,0,357,5,42.2
Forsberg,RB Leipzig,Forward,2,9,0,3,11,4,3,4,12,0,2,1,6,4,0,0,164,132,13,7,5,6,0,0,0,0,0,2,2,0,0,0,1,1,1,385,6,48.2
André Silva,RB Leipzig,Forward,2,0,9,5,21,10,6,5,8,0,3,1,8,8,0,0,99,82,3,2,1,6,0,0,0,0,0,3,2,0,1,0,3,0,0,410,6,47.2
Olmo,RB Leipzig,Forward,1,0,0,5,2,0,1,1,1,0,0,0,3,4,0,0,0,0,0,0,0,2,0,0,0,0,0,0,0,0,0,0,0,0,0,88,2,10.9
Poulsen,RB Leipzig,Forward,1,0,0,2,5,1,2,2,3,0,3,4,4,1,1,0,43,27,1,0,0,4,0,0,0,0,0,0,0,0,0,0,0,0,0,147,4,18.8
Brobbey,RB Leipzig,Forward,0,0,0,0,0,0,0,0,2,1,0,1,3,3,0,0,23,13,2,0,0,5,0,0,0,0,0,0,0,0,0,0,0,0,0,115,5,14.3
Gulácsi,RB Leipzig,Goalkeeper,0,0,0,0,0,0,0,0,0,0,0,0,0,0,0,0,182,145,0,0,21,0,11,14,0,0,0,0,0,0,0,0,0,0,0,450,5,27.2
Martínez,RB Leipzig,Goalkeeper,0,0,0,0,0,0,0,0,0,0,0,0,0,0,0,0,28,15,0,0,3,0,3,0,0,1,0,0,0,0,0,0,0,0,0,90,1,6
Laimer,RB Leipzig,Midfielder,1,0,0,4,5,3,1,1,19,2,9,1,11,5,0,0,187,149,6,1,4,6,0,0,0,0,0,0,0,0,0,0,0,0,0,405,6,49.1
Novoa,RB Leipzig,Midfielder,1,0,0,1,1,1,0,0,0,0,0,0,0,0,0,0,0,0,0,0,0,0,0,0,0,0,0,0,0,0,0,0,0,0,0,24,1,3.6
Nkunku,RB Leipzig,Midfielder,0,0,0,0,17,11,4,2,15,1,3,2,10,8,0,0,193,167,15,3,8,6,0,0,0,0,0,7,3,1,3,0,7,0,0,531,6,62.8
Szoboszlai,RB Leipzig,Midfielder,0,0,0,0,4,2,2,0,4,0,0,2,1,3,0,0,105,85,9,4,5,4,0,0,0,0,0,2,1,1,0,0,2,0,1,209,4,26.9
Moriba,RB Leipzig,Midfielder,0,0,0,0,2,0,0,2,1,2,2,0,2,2,1,0,0,0,0,0,0,3,0,0,0,0,0,0,0,0,0,0,0,0,0,60,3,8.7
Haidara,RB Leipzig,Midfielder,0,0,0,0,1,0,1,0,14,5,3,1,3,1,0,0,123,106,0,0,3,4,0,0,0,0,0,0,0,0,0,0,0,0,0,182,4,24.4
Kampl,RB Leipzig,Midfielder,0,0,0,0,1,0,1,0,15,4,4,2,5,2,1,0,180,165,3,1,2,3,0,0,0,0,0,0,0,0,0,0,0,0,0,270,3,35.8
Adams,RB Leipzig,Midfielder,0,0,0,0,0,0,0,0,8,5,3,2,6,2,4,0,166,146,1,0,0,5,0,0,0,0,0,0,0,0,0,0,0,0,0,292,5,38.9
Bonnah,RB Leipzig,Midfielder,0,0,0,0,0,0,0,0,1,1,0,2,0,0,0,0,0,0,0,0,0,0,0,0,0,0,0,0,0,0,0,0,0,0,0,10,1,1.6
Alexander-Arnold,Liverpool,Defender,4,36,0,9,12,1,6,5,51,0,1,18,5,6,2,0,685,556,81,24,28,9,0,0,0,0,0,0,0,0,0,0,0,0,0,794,9,86.8
Robertson,Liverpool,Defender,2,27,1,9,5,2,2,1,44,3,1,14,5,3,1,0,628,512,63,16,22,10,0,0,0,0,0,0,0,0,0,0,0,0,0,826,10,97.7
Tsimikas,Liverpool,Defender,2,16,0,4,0,0,0,0,26,1,1,10,4,8,0,0,201,165,40,9,8,5,0,0,0,0,0,0,0,0,0,0,0,0,0,344,5,42.7
Van Dijk,Liverpool,Defender,1,0,2,0,6,3,1,2,62,2,1,29,4,2,1,0,667,609,1,0,10,9,0,0,0,0,0,0,0,0,0,0,0,0,0,810,9,82.8
Konaté,Liverpool,Defender,0,0,0,0,6,2,3,1,53,11,5,17,11,3,1,0,515,465,0,0,16,8,0,0,0,0,0,2,0,0,2,0,2,0,0,720,8,78.5
Matip,Liverpool,Defender,0,0,0,0,5,2,2,1,34,1,4,15,6,1,1,0,498,467,0,0,14,7,0,0,0,0,0,0,0,0,0,0,0,0,0,630,7,66.2
N. Williams,Liverpool,Defender,0,0,0,0,3,1,1,1,10,2,4,1,4,4,0,0,100,76,7,3,1,3,0,0,0,0,0,0,0,0,0,0,0,0,0,180,3,23.5
Gomez,Liverpool,Defender,0,0,0,0,1,1,0,0,14,0,0,5,1,0,0,0,200,173,1,0,2,7,0,0,0,0,0,0,0,0,0,0,0,0,0,245,7,30.4
Phillips,Liverpool,Defender,0,0,0,0,0,0,0,0,5,1,0,3,2,0,0,0,37,33,0,0,1,2,0,0,0,0,0,0,0,0,0,0,0,0,0,91,2,11.2
Salah,Liverpool,Forward,2,0,5,49,42,22,11,9,12,0,0,0,4,12,0,0,426,346,11,1,1,13,0,0,0,0,0,8,0,8,0,0,7,1,1,1008,13,112.0
Diogo Jota,Liverpool,Forward,1,0,4,19,16,7,4,5,13,2,5,1,11,6,2,0,234,189,1,0,0,11,0,0,0,0,0,1,0,0,1,0,1,0,0,578,11,73.9
Luis Díaz,Liverpool,Forward,1,0,2,42,0,0,0,0,16,3,5,2,0,0,0,0,341,282,11,2,0,0,0,0,0,0,0,4,2,1,1,0,4,0,0,385,7,49.9
Origi,Liverpool,Forward,1,0,0,3,12,2,8,2,5,0,1,0,4,6,0,0,47,35,3,0,0,7,0,0,0,0,0,1,0,0,1,0,1,0,0,187,7,23.8
Minamino,Liverpool,Forward,0,0,0,0,2,0,2,0,6,0,2,0,3,3,0,0,76,69,1,0,1,4,0,0,0,0,0,0,0,0,0,0,0,0,0,215,4,29.7
Alisson Becker,Liverpool,Goalkeeper,0,0,0,0,0,0,0,0,0,0,0,0,0,0,0,0,461,415,0,0,16,0,15,14,0,4,3,0,0,0,0,0,0,0,0,1170,13,68.8
Jones,Liverpool,Midfielder,2,0,1,0,7,4,1,2,6,0,0,1,3,5,0,0,132,118,1,0,3,4,0,0,0,0,0,0,0,0,0,0,0,0,0,185,4,27.1
Keïta,Liverpool,Midfielder,2,0,0,6,14,2,8,4,21,2,6,7,15,7,0,0,354,313,4,0,5,10,0,0,0,0,0,1,1,0,0,0,0,1,0,487,10,61.5
Henderson,Liverpool,Midfielder,2,0,0,2,12,4,4,4,29,1,2,1,10,4,0,0,602,530,17,6,6,12,0,0,0,0,0,1,1,0,0,0,0,1,0,666,12,85.7
Oxlade-Chamberlain,Liverpool,Midfielder,1,9,0,6,10,3,4,3,17,1,0,4,2,2,0,0,165,141,10,2,5,6,0,0,0,0,0,0,0,0,0,0,0,0,0,300,6,38.6
Milner,Liverpool,Midfielder,1,4,0,1,2,1,0,1,5,3,3,6,12,4,3,0,157,116,9,2,7,8,0,0,0,0,0,0,0,0,0,0,0,0,0,211,8,32.0
Mané,Liverpool,Midfielder,1,0,9,17,21,8,6,7,9,1,3,1,16,19,2,0,278,219,10,3,1,13,0,0,0,0,0,5,2,3,0,0,5,0,0,822,13,100.3
Firmino,Liverpool,Midfielder,0,0,0,0,13,5,2,6,17,1,1,1,4,2,0,0,176,150,0,0,0,7,0,0,0,0,0,5,3,1,1,0,4,1,0,323,7,43.0
Thiago Alcántara,Liverpool,Midfielder,0,0,0,0,9,3,6,0,40,11,5,5,5,7,1,0,553,508,2,1,12,10,0,0,0,0,0,1,1,0,0,0,0,1,0,604,10,77.9
Fabinho,Liverpool,Midfielder,0,0,0,0,5,1,2,2,74,9,14,8,14,11,1,0,595,549,2,0,9,13,0,0,0,0,0,1,1,0,0,0,1,0,0,849,13,105.5
Morton,Liverpool,Midfielder,0,0,0,0,0,0,0,0,9,4,1,2,1,1,0,0,76,67,0,0,2,2,0,0,0,0,0,0,0,0,0,0,0,0,0,180,2,23.5
Elliott,Liverpool,Midfielder,0,0,0,0,0,0,0,0,0,0,0,0,0,0,0,0,0,0,0,0,0,0,0,0,0,0,0,0,0,0,0,0,0,0,0,59,1,7.9
Woltman,Liverpool,Midfielder,0,0,0,0,0,0,0,0,0,0,0,0,0,0,0,0,0,0,0,0,0,0,0,0,0,0,0,0,0,0,0,0,0,0,0,1,1,0.4
Bradley,Liverpool,Midfielder,0,0,0,0,0,0,0,0,0,0,0,0,0,0,0,0,0,0,0,0,0,0,0,0,0,0,0,0,0,0,0,0,0,0,0,1,1,0.4
L. Nielsen,Malmö FF,Defender,0,0,0,0,2,0,1,1,27,5,1,28,2,1,2,0,162,140,0,0,4,5,0,0,0,0,0,0,0,0,0,0,0,0,0,450,5,49.1
M. Olsson,Malmö FF,Defender,0,0,0,0,1,1,0,0,8,0,1,17,3,3,0,0,105,82,8,1,5,6,0,0,0,0,0,0,0,0,0,0,0,0,0,284,6,34.5
Larsson,Malmö FF,Defender,0,0,0,0,1,0,1,0,13,0,0,6,5,8,2,0,86,67,5,3,6,4,0,0,0,0,0,0,0,0,0,0,0,0,0,275,4,32
Ahmedhodžić,Malmö FF,Defender,0,0,0,0,0,0,0,0,32,3,3,24,6,0,1,1,225,191,0,0,10,5,0,0,0,0,0,0,0,0,0,0,0,0,0,413,5,46.3
Brorsson,Malmö FF,Defender,0,0,0,0,0,0,0,0,17,3,1,22,5,2,2,0,163,139,0,0,4,5,0,0,0,0,0,0,0,0,0,0,0,0,0,448,5,49.9
Moisander,Malmö FF,Defender,0,0,0,0,0,0,0,0,16,3,1,1,1,1,1,0,86,77,0,0,4,3,0,0,0,0,0,0,0,0,0,0,0,0,0,187,3,22
Eile,Malmö FF,Defender,0,0,0,0,0,0,0,0,0,0,0,0,0,0,0,0,0,0,0,0,0,0,0,0,0,0,0,0,0,0,0,0,0,0,0,3,1,0.8
Čolak,Malmö FF,Forward,0,0,0,0,7,1,5,1,4,0,2,2,11,7,1,0,76,59,2,0,0,6,0,0,0,0,0,0,0,0,0,0,0,0,0,500,6,63
Abubakari,Malmö FF,Forward,0,0,0,0,2,0,2,0,2,2,0,2,6,4,0,0,33,26,1,0,0,4,0,0,0,0,0,0,0,0,0,0,0,0,0,116,4,15.3
Dahlin,Malmö FF,Goalkeeper,0,0,0,0,0,0,0,0,0,0,0,0,1,0,1,0,98,52,0,0,13,4,19,8,1,0,3,0,0,0,0,0,0,0,0,315,4,14.2
Diawara,Malmö FF,Goalkeeper,0,0,0,0,0,0,0,0,0,0,0,0,0,0,0,0,66,48,0,0,4,0,13,6,0,0,1,0,0,0,0,0,0,0,0,225,3,11.1
Birmančević,Malmö FF,Midfielder,1,0,0,19,5,0,4,1,8,3,3,2,1,10,0,0,92,66,3,1,3,6,0,0,0,0,0,0,0,0,0,0,0,0,0,356,6,44.6
Christiansen,Malmö FF,Midfielder,0,0,0,0,5,1,3,1,13,0,2,4,3,3,1,0,193,163,12,2,11,4,0,0,0,0,0,0,0,0,0,0,0,0,0,328,4,41.9
Peña,Malmö FF,Midfielder,0,0,0,0,4,2,1,1,12,4,7,2,3,3,1,0,170,138,5,1,6,5,0,0,0,0,0,0,0,0,0,0,0,0,0,281,5,32.5
Rakip,Malmö FF,Midfielder,0,0,0,0,3,1,2,0,4,3,3,1,12,6,1,0,67,48,2,1,4,6,0,0,0,0,0,0,0,0,0,0,0,0,0,273,6,35.9
Rieks,Malmö FF,Midfielder,0,0,0,0,3,1,2,0,4,2,2,8,1,1,1,0,68,55,1,0,1,3,0,0,0,0,0,1,1,0,0,0,1,0,0,222,3,27.8
Innocent,Malmö FF,Midfielder,0,0,0,0,1,0,1,0,23,2,12,5,11,7,1,0,225,202,0,0,3,6,0,0,0,0,0,0,0,0,0,0,0,0,0,496,6,60.1
Nanasi,Malmö FF,Midfielder,0,0,0,0,1,0,0,1,0,0,0,0,0,0,0,0,0,0,0,0,0,0,0,0,0,0,0,0,0,0,0,0,0,0,0,89,2,12.4
Berget,Malmö FF,Midfielder,0,0,0,0,0,0,0,0,15,1,2,16,3,4,0,0,162,104,7,2,0,5,0,0,0,0,0,0,0,0,0,0,0,0,0,438,5,53
Lewicki,Malmö FF,Midfielder,0,0,0,0,0,0,0,0,6,1,0,2,0,0,0,0,62,54,1,0,0,0,0,0,0,0,0,0,0,0,0,0,0,0,0,123,2,14.6
Nalić,Malmö FF,Midfielder,0,0,0,0,0,0,0,0,5,0,0,1,0,0,0,0,0,0,0,0,0,0,0,0,0,0,0,0,0,0,0,0,0,0,0,83,5,13.6
João Cancelo,Manchester City,Defender,3,0,2,26,11,4,3,4,56,6,3,13,11,4,3,0,668,586,29,6,11,9,0,0,0,0,0,2,2,0,0,0,1,1,0,840,9,100.3
Zinchenko,Manchester City,Defender,1,1,0,3,6,0,2,4,31,2,4,8,5,3,2,0,356,314,13,3,4,8,0,0,0,0,0,0,0,0,0,0,0,0,0,501,8,64.4
Stones,Manchester City,Defender,0,0,0,0,6,1,4,1,33,1,0,8,3,3,1,0,545,523,1,0,8,8,0,0,0,0,0,0,0,0,0,0,0,0,0,637,8,73.2
Laporte,Manchester City,Defender,0,0,0,0,5,1,4,0,51,1,4,17,4,2,2,0,707,672,0,0,10,9,0,0,0,0,0,0,0,0,0,0,0,0,0,794,9,90.9
Aké,Manchester City,Defender,0,0,0,0,4,1,3,0,19,3,0,19,3,4,1,0,259,244,0,0,7,6,0,0,0,0,0,1,0,0,1,0,1,0,0,324,6,36.9
Rúben Dias,Manchester City,Defender,0,0,0,0,4,1,0,3,45,1,10,16,6,1,0,0,464,431,0,0,8,8,0,0,0,0,0,0,0,0,0,0,0,0,0,664,8,83.1
Walker,Manchester City,Defender,0,0,0,0,2,1,0,1,34,1,2,11,3,1,0,1,397,347,11,1,2,7,0,0,0,0,0,1,1,0,0,0,1,0,0,577,7,64.1
Egan-Riley,Manchester City,Defender,0,0,0,0,0,0,0,0,3,0,1,1,1,0,0,0,61,58,1,0,0,1,0,0,0,0,0,0,0,0,0,0,0,0,0,90,1,10.8
Mbete,Manchester City,Defender,0,0,0,0,0,0,0,0,0,0,0,0,0,0,0,0,0,0,0,0,0,0,0,0,0,0,0,0,0,0,0,0,0,0,0,6,1,1.1
Sterling,Manchester City,Forward,2,0,6,14,17,6,9,2,7,0,3,0,14,10,1,0,206,185,8,1,1,12,0,0,0,0,0,3,2,1,0,0,2,1,0,581,12,71.1
Jesus,Manchester City,Forward,1,0,4,7,9,7,1,1,6,2,1,1,9,3,3,0,131,113,4,0,0,8,0,0,0,0,0,4,4,0,0,0,4,0,0,352,8,41.9
Ferran Torres,Manchester City,Forward,0,0,0,0,3,1,0,2,0,0,0,0,1,0,0,0,0,0,0,0,0,1,0,0,0,0,0,0,0,0,0,0,0,0,0,71,1,8.1
Delap,Manchester City,Forward,0,0,0,0,0,0,0,0,1,0,0,0,2,0,0,0,0,0,0,0,0,1,0,0,0,0,0,0,0,0,0,0,0,0,0,6,1,1.2
Steffen,Manchester City,Goalkeeper,0,0,0,0,0,0,0,0,0,0,0,0,0,0,0,0,25,23,0,0,3,0,3,2,0,0,1,0,0,0,0,0,0,0,0,90,1,4
Ederson,Manchester City,Goalkeeper,0,0,0,0,0,0,0,0,0,0,0,0,0,0,0,0,318,277,0,0,21,0,14,14,0,4,1,0,0,0,0,0,0,0,0,1003,11,51.6
Carson,Manchester City,Goalkeeper,0,0,0,0,0,0,0,0,0,0,0,0,0,0,0,0,0,0,0,0,0,0,1,0,0,1,0,0,0,0,0,0,0,0,0,17,1,1.1
De Bruyne,Manchester City,Midfielder,4,18,0,14,24,7,9,8,11,0,6,2,9,9,2,0,397,334,41,11,18,10,0,0,0,0,0,2,1,0,1,0,2,0,0,734,10,95.5
Bernardo Silva,Manchester City,Midfielder,3,2,3,18,7,4,2,1,25,4,5,5,10,6,0,0,462,427,17,4,5,11,0,0,0,0,0,3,0,3,0,0,3,0,0,878,11,120.3
Mahrez,Manchester City,Midfielder,2,30,5,28,37,18,8,11,20,1,5,3,6,20,1,0,482,414,49,12,11,12,0,0,0,0,0,7,1,4,2,0,7,0,2,986,12,120.1
Gündoğan,Manchester City,Midfielder,2,16,1,3,14,2,4,8,13,0,6,2,4,7,1,0,406,367,15,5,7,10,0,0,0,0,0,0,0,0,0,0,0,0,0,660,10,86.4
Foden,Manchester City,Midfielder,2,13,6,12,22,9,7,6,10,1,4,0,5,10,1,0,287,238,23,6,3,11,0,0,0,0,0,3,2,0,1,0,3,0,0,658,11,89.1
Fernandinho,Manchester City,Midfielder,2,0,0,1,4,0,2,2,17,4,5,1,1,12,1,0,291,254,5,2,12,8,0,0,0,0,0,0,0,0,0,0,0,0,0,347,8,44.7
Grealish,Manchester City,Midfielder,1,3,6,18,10,3,0,7,11,0,2,0,9,17,0,0,243,214,5,2,3,7,0,0,0,0,0,1,1,0,0,0,1,0,0,461,7,57.1
Rodri,Manchester City,Midfielder,0,0,0,0,6,0,1,5,52,10,4,5,19,4,2,0,806,760,1,0,13,10,0,0,0,0,0,0,0,0,0,0,0,0,0,842,10,114.6
Palmer,Manchester City,Midfielder,0,0,0,0,2,2,0,0,2,0,0,0,0,0,0,0,0,0,0,0,0,0,0,0,0,0,0,1,0,1,0,0,1,0,0,40,3,7
McAtee,Manchester City,Midfielder,0,0,0,0,0,0,0,0,1,1,0,0,1,2,0,0,0,0,0,0,0,1,0,0,0,0,0,0,0,0,0,0,0,0,0,45,1,6.2
Shaw,Manchester United,Defender,2,3,1,1,1,0,1,0,20,4,2,2,7,5,2,0,233,190,17,5,6,5,0,0,0,0,0,0,0,0,0,0,0,0,0,397,5,36.6
Maguire,Manchester United,Defender,0,0,0,0,4,2,1,1,30,1,4,17,6,7,0,0,346,311,2,0,16,6,0,0,0,0,0,1,1,0,0,0,1,0,0,534,6,49.3
Dalot,Manchester United,Defender,0,0,0,0,4,1,2,1,9,0,2,10,5,0,1,0,135,115,6,2,2,3,0,0,0,0,0,0,0,0,0,0,0,0,0,233,3,21
Varane,Manchester United,Defender,0,0,0,0,2,2,0,0,34,0,0,18,3,2,1,0,245,222,0,0,6,5,0,0,0,0,0,0,0,0,0,0,0,0,0,353,5,34.2
Alex Telles,Manchester United,Defender,0,0,0,0,1,1,0,0,13,0,3,4,2,6,2,0,179,164,33,7,12,4,0,0,0,0,0,1,0,1,0,0,0,1,0,293,4,33.5
Wan-Bissaka,Manchester United,Defender,0,0,0,0,1,0,0,1,28,7,5,12,4,2,0,1,254,218,9,0,2,6,0,0,0,0,0,0,0,0,0,0,0,0,0,419,6,45.9
Lindelöf,Manchester United,Defender,0,0,0,0,0,0,0,0,30,3,2,15,5,1,1,0,280,263,2,1,8,5,0,0,0,0,0,0,0,0,0,0,0,0,0,426,5,37.8
Bailly,Manchester United,Defender,0,0,0,0,0,0,0,0,11,1,1,11,2,2,0,0,107,98,0,0,1,2,0,0,0,0,0,0,0,0,0,0,0,0,0,180,2,18.8
Mengi,Manchester United,Defender,0,0,0,0,0,0,0,0,1,1,0,4,0,0,0,0,0,0,0,0,0,0,0,0,0,0,0,0,0,0,0,0,0,0,0,29,1,3.7
Greenwood,Manchester United,Forward,1,0,3,6,2,2,0,0,3,0,0,1,3,3,1,0,143,123,5,2,0,4,0,0,0,0,0,1,0,1,0,0,1,0,0,304,4,38.1
Ronaldo,Manchester United,Forward,0,0,0,0,22,12,8,2,5,1,2,6,4,11,1,0,204,179,5,3,4,7,0,0,0,0,0,6,5,0,1,0,4,2,0,611,7,59.2
Rashford,Manchester United,Forward,0,0,0,0,10,2,5,3,3,1,0,0,3,4,1,0,110,91,5,1,1,5,0,0,0,0,0,1,1,0,0,0,1,0,0,257,5,29.5
Elanga,Manchester United,Forward,0,0,0,0,4,3,1,0,3,0,0,1,3,2,0,0,47,31,1,0,1,3,0,0,0,0,0,1,1,0,0,0,1,0,0,172,3,23
Cavani,Manchester United,Forward,0,0,0,0,1,0,1,0,0,0,0,0,2,1,1,0,0,0,0,0,0,4,0,0,0,0,0,0,0,0,0,0,0,0,0,75,4,11.7
Martial,Manchester United,Forward,0,0,0,0,0,0,0,0,0,0,0,0,0,0,0,0,0,0,0,0,0,0,0,0,0,0,0,0,0,0,0,0,0,0,0,67,2,7.1
De Gea,Manchester United,Goalkeeper,0,0,0,0,0,0,0,0,0,0,0,0,0,0,0,0,164,121,0,0,9,0,19,9,0,1,0,0,0,0,0,0,0,0,0,630,7,26.4
Henderson,Manchester United,Goalkeeper,0,0,0,0,0,0,0,0,0,0,0,0,0,0,0,0,0,0,0,0,0,0,3,1,0,0,1,0,0,0,0,0,0,0,0,68,1,4.4
Heaton,Manchester United,Goalkeeper,0,0,0,0,0,0,0,0,0,0,0,0,0,0,0,0,0,0,0,0,0,0,0,0,0,0,0,0,0,0,0,0,0,0,0,22,1,1.9
Bruno Fernandes,Manchester United,Midfielder,7,10,2,7,12,3,3,6,17,6,7,7,5,9,0,0,324,250,28,6,11,7,0,0,0,0,0,0,0,0,0,0,0,0,0,520,7,58.4
Lingard,Manchester United,Midfielder,1,0,0,2,2,2,0,0,1,0,0,2,0,0,0,0,49,42,0,0,0,0,0,0,0,0,0,0,0,0,0,0,0,0,0,116,4,14
Sancho,Manchester United,Midfielder,0,0,0,0,5,3,1,1,10,0,0,2,0,0,0,0,202,176,4,0,0,0,0,0,0,0,0,1,1,0,0,0,1,0,0,393,7,42
Fred,Manchester United,Midfielder,0,0,0,0,5,2,2,1,29,6,4,2,4,10,1,0,262,224,2,1,5,6,0,0,0,0,0,0,0,0,0,0,0,0,0,433,6,43.4
McTominay,Manchester United,Midfielder,0,0,0,0,4,1,2,1,28,2,5,4,7,4,1,0,217,197,0,0,10,5,0,0,0,0,0,0,0,0,0,0,0,0,0,400,5,53.8
Mata,Manchester United,Midfielder,0,0,0,0,2,1,1,0,4,1,0,0,0,0,0,0,55,47,2,0,4,0,0,0,0,0,0,0,0,0,0,0,0,0,0,96,3,13.2
Pogba,Manchester United,Midfielder,0,0,0,0,2,1,0,1,9,3,2,4,7,7,0,0,191,157,3,2,2,6,0,0,0,0,0,0,0,0,0,0,0,0,0,347,6,30.9
Diallo,Manchester United,Midfielder,0,0,0,0,2,1,0,1,4,0,0,0,1,1,0,0,0,0,0,0,0,1,0,0,0,0,0,0,0,0,0,0,0,0,0,68,1,8.3
Van de Beek,Manchester United,Midfielder,0,0,0,0,1,1,0,0,11,3,5,3,4,2,1,0,117,102,0,0,1,4,0,0,0,0,0,0,0,0,0,0,0,0,0,204,4,23.5
Matić,Manchester United,Midfielder,0,0,0,0,1,0,1,0,13,1,0,6,2,4,2,0,152,132,1,0,6,8,0,0,0,0,0,0,0,0,0,0,0,0,0,194,8,24.6
Shoretire,Manchester United,Midfielder,0,0,0,0,0,0,0,0,1,0,0,0,1,3,1,0,0,0,0,0,0,1,0,0,0,0,0,0,0,0,0,0,0,0,0,22,1,3.3
Savage,Manchester United,Midfielder,0,0,0,0,0,0,0,0,0,0,0,0,0,0,0,0,0,0,0,0,0,0,0,0,0,0,0,0,0,0,0,0,0,0,0,1,1,1
Iqbal,Manchester United,Midfielder,0,0,0,0,0,0,0,0,0,0,0,0,0,0,0,0,0,0,0,0,0,0,0,0,0,0,0,0,0,0,0,0,0,0,0,1,1,1
T. Hernández,Milan,Defender,1,3,4,10,3,0,2,1,21,2,3,11,5,9,2,0,215,172,16,5,7,5,0,0,0,0,0,0,0,0,0,0,0,0,0,450,5,51.4
Kalulu,Milan,Defender,1,0,0,1,2,1,1,0,10,3,2,1,3,0,1,0,79,57,6,3,2,5,0,0,0,0,0,0,0,0,0,0,0,0,0,216,5,26.6
Tomori,Milan,Defender,0,0,0,0,3,2,1,0,30,3,7,22,7,4,2,0,194,169,0,0,3,5,0,0,0,0,0,1,1,0,0,0,1,0,0,418,5,45.4
Florenzi,Milan,Defender,0,0,0,0,3,0,3,0,4,0,0,6,1,1,0,0,0,0,0,0,0,4,0,0,0,0,0,0,0,0,0,0,0,0,0,88,4,12.6
Kjær,Milan,Defender,0,0,0,0,2,1,1,0,16,2,2,18,2,1,0,0,134,119,0,0,4,3,0,0,0,0,0,0,0,0,0,0,0,0,0,270,3,28.6
Bakayoko,Milan,Defender,0,0,0,0,2,0,1,1,3,0,1,0,1,4,1,0,0,0,0,0,0,3,0,0,0,0,0,0,0,0,0,0,0,0,0,56,3,8.1
Romagnoli,Milan,Defender,0,0,0,0,1,0,1,0,32,7,3,18,4,0,0,0,221,192,1,0,7,5,0,0,0,0,0,0,0,0,0,0,0,0,0,392,5,44.7
Calabria,Milan,Defender,0,0,0,0,1,0,1,0,23,0,0,11,2,3,0,0,120,91,8,2,6,4,0,0,0,0,0,0,0,0,0,0,0,0,0,315,4,38.5
Ballo,Milan,Defender,0,0,0,0,0,0,0,0,7,1,1,1,2,2,0,0,31,27,1,0,1,2,0,0,0,0,0,0,0,0,0,0,0,0,0,91,2,11.6
Rafael Leão,Milan,Forward,1,0,3,16,1,1,0,0,6,1,4,3,4,2,1,0,57,42,11,3,0,4,0,0,0,0,0,1,1,0,0,0,1,0,0,294,4,32.4
Giroud,Milan,Forward,0,0,0,0,5,3,2,0,4,1,1,3,5,2,2,0,48,36,3,0,0,5,0,0,0,0,0,0,0,0,0,0,0,0,0,261,5,29
Ibrahimović,Milan,Forward,0,0,0,0,3,0,2,1,0,0,0,0,1,2,1,0,49,40,1,1,2,4,0,0,0,0,0,0,0,0,0,0,0,0,0,160,4,16.4
Rebić,Milan,Forward,0,0,0,0,2,2,0,0,1,0,2,4,2,0,1,0,21,13,2,0,0,2,0,0,0,0,0,1,1,0,0,0,1,0,0,117,2,13
Messias Junior,Milan,Forward,0,0,0,0,1,1,0,0,3,1,0,0,2,4,0,0,35,26,4,1,2,2,0,0,0,0,0,1,0,0,1,0,1,0,0,115,2,15.6
Maldini,Milan,Forward,0,0,0,0,0,0,0,0,3,1,1,0,0,0,0,0,0,0,0,0,0,0,0,0,0,0,0,0,0,0,0,0,0,0,0,20,3,4.2
Tătăruşanu,Milan,Goalkeeper,0,0,0,0,0,0,0,0,0,0,0,0,0,0,0,0,93,83,0,0,6,0,8,2,0,1,2,0,0,0,0,0,0,0,0,270,3,18.6
Maignan,Milan,Goalkeeper,0,0,0,0,0,0,0,0,0,0,0,0,0,0,0,0,114,83,0,0,11,0,14,7,1,0,1,0,0,0,0,0,0,0,0,270,3,18.3
Brahim Díaz,Milan,Midfielder,1,0,0,19,5,2,2,1,6,2,0,1,3,12,1,0,124,98,1,0,1,5,0,0,0,0,0,1,0,1,0,0,1,0,0,351,5,43.9
Kessié,Milan,Midfielder,1,0,0,0,4,1,2,1,15,0,4,5,9,6,2,1,175,150,4,4,10,5,0,0,0,0,0,0,0,0,0,0,0,0,0,321,5,41.2
Saelemaekers,Milan,Midfielder,0,0,0,0,4,1,1,2,24,1,4,2,7,7,1,0,182,141,7,2,1,6,0,0,0,0,0,0,0,0,0,0,0,0,0,444,6,57.3
Bennacer,Milan,Midfielder,0,0,0,0,2,1,0,1,31,5,4,5,7,8,1,0,200,170,11,4,16,6,0,0,0,0,0,0,0,0,0,0,0,0,0,376,6,47.1
Krunić,Milan,Midfielder,0,0,0,0,2,0,2,0,11,2,1,1,3,8,0,0,90,77,0,0,1,4,0,0,0,0,0,0,0,0,0,0,0,0,0,252,4,30.6
Tonali,Milan,Midfielder,0,0,0,0,2,0,1,1,21,2,0,6,3,6,0,0,184,148,9,3,14,6,0,0,0,0,0,0,0,0,0,0,0,0,0,333,6,44.4
Marquinhos,Paris Saint-Germain,Defender,1,0,0,0,0,0,0,0,42,2,0,36,3,3,0,0,509,475,0,0,16,8,0,0,0,0,0,0,0,0,0,0,0,0,0,720,8,78.5
Nuno Mendes,Paris Saint-Germain,Defender,0,0,0,0,2,2,0,0,25,4,1,12,5,10,1,0,258,220,12,2,3,8,0,0,0,0,0,0,0,0,0,0,0,0,0,581,8,62.2
Hakimi,Paris Saint-Germain,Defender,0,0,0,0,1,0,1,0,36,1,6,11,3,7,2,0,417,378,10,1,5,8,0,0,0,0,0,0,0,0,0,0,0,0,0,718,8,85.3
Kimpembe,Paris Saint-Germain,Defender,0,0,0,0,0,0,0,0,26,4,5,32,8,6,3,0,376,352,0,0,15,7,0,0,0,0,0,0,0,0,0,0,0,0,0,630,7,64.4
Diallo,Paris Saint-Germain,Defender,0,0,0,0,0,0,0,0,15,0,1,10,4,0,0,0,117,103,0,0,1,2,0,0,0,0,0,0,0,0,0,0,0,0,0,165,2,17.9
Kehrer,Paris Saint-Germain,Defender,0,0,0,0,0,0,0,0,5,0,1,2,1,0,1,0,0,0,0,0,0,4,0,0,0,0,0,0,0,0,0,0,0,0,0,70,4,8.3
Mbappé,Paris Saint-Germain,Forward,4,4,8,43,27,16,6,5,10,0,1,2,3,11,1,0,257,220,15,2,0,8,0,0,0,0,0,6,6,0,0,0,6,0,0,673,8,65.2
Di María,Paris Saint-Germain,Forward,1,8,1,3,8,2,4,2,12,4,2,2,4,2,0,0,154,135,7,2,4,5,0,0,0,0,0,0,0,0,0,0,0,0,0,260,5,32.1
Neymar,Paris Saint-Germain,Forward,1,7,1,27,10,1,5,4,11,1,2,0,4,20,1,0,259,223,5,0,5,6,0,0,0,0,0,0,0,0,0,0,0,0,0,468,6,55.6
Messi,Paris Saint-Germain,Forward,0,0,0,0,26,10,8,8,7,1,1,1,3,11,1,0,428,385,14,5,12,7,0,0,0,0,0,5,0,5,0,0,3,2,2,630,7,58.7
Draxler,Paris Saint-Germain,Forward,0,0,0,0,2,0,1,1,5,1,1,1,0,0,0,0,76,68,1,0,0,0,0,0,0,0,0,0,0,0,0,0,0,0,0,136,3,15.1
Icardi,Paris Saint-Germain,Forward,0,0,0,0,1,0,1,0,0,0,0,0,0,0,0,0,0,0,0,0,0,0,0,0,0,0,0,0,0,0,0,0,0,0,0,47,3,6.5
Navas,Paris Saint-Germain,Goalkeeper,0,0,0,0,0,0,0,0,0,0,0,0,0,0,0,0,101,86,0,0,9,0,11,5,0,0,3,0,0,0,0,0,0,0,0,270,3,13.7
Donnarumma,Paris Saint-Germain,Goalkeeper,0,0,0,0,0,0,0,0,0,0,0,0,0,0,0,0,153,128,0,0,13,0,18,6,1,2,9,0,0,0,0,0,0,0,0,450,5,27.5
Wijnaldum,Paris Saint-Germain,Midfielder,0,0,0,0,4,4,0,0,5,0,4,1,4,5,0,0,97,89,0,0,3,5,0,0,0,0,0,2,0,1,1,0,2,0,0,261,5,31.6
Gueye,Paris Saint-Germain,Midfielder,0,0,0,0,4,2,2,0,14,5,7,5,10,7,1,0,209,190,3,1,2,7,0,0,0,0,0,1,1,0,0,0,1,0,0,400,7,48.1
Herrera,Paris Saint-Germain,Midfielder,0,0,0,0,3,2,0,1,12,6,3,5,6,5,1,0,224,199,2,1,3,6,0,0,0,0,0,1,0,1,0,0,1,0,0,326,6,44.3
Danilo,Paris Saint-Germain,Midfielder,0,0,0,0,2,0,2,0,15,2,2,10,6,3,2,0,199,185,0,0,5,7,0,0,0,0,0,0,0,0,0,0,0,0,0,362,7,40.6
Paredes,Paris Saint-Germain,Midfielder,0,0,0,0,1,0,1,0,18,1,7,1,7,5,3,0,315,298,0,0,10,5,0,0,0,0,0,0,0,0,0,0,0,0,0,315,5,36.9
Dina Ebimbe,Paris Saint-Germain,Midfielder,0,0,0,0,1,0,0,1,0,0,0,0,0,0,0,0,0,0,0,0,0,0,0,0,0,0,0,0,0,0,0,0,0,0,0,7,1,1.2
Verratti,Paris Saint-Germain,Midfielder,0,0,0,0,0,0,0,0,22,18,17,4,5,10,2,0,436,403,2,0,14,5,0,0,0,0,0,0,0,0,0,0,0,0,0,431,5,55.7
Pepe,Porto,Defender,0,0,0,0,2,1,1,0,30,2,2,17,3,6,1,0,190,163,2,0,10,5,0,0,0,0,0,0,0,0,0,0,0,0,0,349,5,39.8
Mbemba,Porto,Defender,0,0,0,0,2,0,1,1,31,1,3,19,3,4,2,1,215,192,2,2,10,5,0,0,0,0,0,0,0,0,0,0,0,0,0,450,5,46.5
Zaidu,Porto,Defender,0,0,0,0,1,0,1,0,26,4,3,14,4,6,1,0,152,112,8,2,3,6,0,0,0,0,0,0,0,0,0,0,0,0,0,389,6,45.9
Wendell,Porto,Defender,0,0,0,0,1,0,1,0,4,2,4,2,7,1,1,1,52,42,0,0,3,4,0,0,0,0,0,0,0,0,0,0,0,0,0,131,4,16
Fábio Cardoso,Porto,Defender,0,0,0,0,1,0,1,0,3,0,0,9,0,0,0,0,39,36,0,0,2,0,0,0,0,0,0,0,0,0,0,0,0,0,0,155,2,18.7
Marcano,Porto,Defender,0,0,0,0,0,0,0,0,6,0,0,14,0,0,0,0,53,36,1,0,1,0,0,0,0,0,0,0,0,0,0,0,0,0,0,126,2,14.8
Taremi,Porto,Forward,1,1,2,4,17,3,10,4,12,0,2,7,9,6,1,0,108,75,1,0,0,6,0,0,0,0,0,1,0,0,1,0,1,0,0,494,6,60.6
Luis Díaz,Porto,Forward,0,0,0,0,29,11,7,11,0,0,0,0,16,10,1,0,0,0,0,0,0,13,0,0,0,0,0,0,0,0,0,0,0,0,0,0,0,0
Evanilson,Porto,Forward,0,0,0,0,4,1,2,1,4,2,4,3,9,15,0,0,72,58,1,0,0,4,0,0,0,0,0,0,0,0,0,0,0,0,0,313,4,34.9
Toni Martínez,Porto,Forward,0,0,0,0,1,0,0,1,1,0,1,0,2,3,0,0,20,16,2,0,0,6,0,0,0,0,0,0,0,0,0,0,0,0,0,144,6,19.6
Francisco Conceição,Porto,Forward,0,0,0,0,1,0,0,1,0,0,0,0,1,0,1,0,0,0,0,0,0,2,0,0,0,0,0,0,0,0,0,0,0,0,0,37,2,5.4
João Mário,Porto,Forward,0,0,0,0,0,0,0,0,21,0,1,6,1,4,0,0,126,95,9,1,7,4,0,0,0,0,0,0,0,0,0,0,0,0,0,351,4,39.3
Corona,Porto,Forward,0,0,0,0,0,0,0,0,9,0,4,5,3,4,1,0,76,55,7,2,2,4,0,0,0,0,0,0,0,0,0,0,0,0,0,212,4,28
Pepê,Porto,Forward,0,0,0,0,0,0,0,0,1,0,0,0,0,0,0,0,0,0,0,0,0,0,0,0,0,0,0,0,0,0,0,0,0,0,0,34,3,5.7
Diogo Costa,Porto,Goalkeeper,0,0,0,0,0,0,0,0,0,0,0,0,0,0,0,0,269,173,0,0,33,0,18,11,0,2,2,0,0,0,0,0,0,0,0,540,6,31.7
Grujić,Porto,Midfielder,1,0,0,3,7,6,1,0,16,3,5,4,9,4,1,0,131,110,0,0,2,6,0,0,0,0,0,0,0,0,0,0,0,0,0,320,6,40.9
Fábio Vieira,Porto,Midfielder,1,0,0,3,1,1,0,0,2,0,1,0,1,2,0,0,0,0,0,0,0,2,0,0,0,0,0,0,0,0,0,0,0,0,0,85,2,11
Otávio,Porto,Midfielder,0,0,0,0,6,0,4,2,19,7,6,5,12,8,1,0,197,149,16,9,4,6,0,0,0,0,0,0,0,0,0,0,0,0,0,450,6,53.8
Vitinha,Porto,Midfielder,0,0,0,0,4,1,0,3,12,0,4,1,3,0,2,0,142,127,11,0,6,6,0,0,0,0,0,0,0,0,0,0,0,0,0,218,6,31.1
Uribe,Porto,Midfielder,0,0,0,0,3,0,2,1,28,4,8,1,6,1,3,0,112,96,1,0,2,4,0,0,0,0,0,0,0,0,0,0,0,0,0,289,4,36.8
Sérgio Oliveira,Porto,Midfielder,0,0,0,0,2,1,1,0,14,2,5,6,5,1,1,0,127,96,20,9,13,6,0,0,0,0,0,1,1,0,0,0,1,0,1,300,6,39.7
Bruno Costa,Porto,Midfielder,0,0,0,0,0,0,0,0,0,0,0,0,0,0,0,0,0,0,0,0,0,0,0,0,0,0,0,0,0,0,0,0,0,0,0,11,1,2
Mendy,Real Madrid,Defender,2,0,0,8,2,0,2,0,36,5,1,15,7,7,3,0,413,376,12,3,4,10,0,0,0,0,0,0,0,0,0,0,0,0,0,867,10,96.3
Carvajal,Real Madrid,Defender,1,0,1,9,5,2,3,0,50,6,6,30,15,6,3,0,576,503,23,8,11,11,0,0,0,0,0,0,0,0,0,0,0,0,0,959,11,112.8
Éder Militão,Real Madrid,Defender,0,0,0,0,9,4,5,0,76,6,13,32,17,16,4,0,643,563,2,0,17,12,0,0,0,0,0,0,0,0,0,0,0,0,0,1076,12,110.4
Alaba,Real Madrid,Defender,0,0,0,0,5,1,1,3,49,12,6,28,9,1,1,0,657,606,17,2,21,12,0,0,0,0,0,1,0,1,0,0,0,1,0,1040,12,112.3
Marcelo,Real Madrid,Defender,0,0,0,0,2,0,1,1,4,0,0,3,1,0,0,0,63,55,3,1,1,3,0,0,0,0,0,0,0,0,0,0,0,0,0,93,3,10.7
Nacho,Real Madrid,Defender,0,0,0,0,1,0,1,0,27,4,6,14,7,7,2,0,304,283,6,1,5,9,0,0,0,0,0,0,0,0,0,0,0,0,0,574,9,61.9
Miguel Gutiérrez,Real Madrid,Defender,0,0,0,0,1,0,1,0,1,0,1,0,0,0,0,0,0,0,0,0,0,0,0,0,0,0,0,0,0,0,0,0,0,0,0,66,1,7.7
Vallejo,Real Madrid,Defender,0,0,0,0,0,0,0,0,2,0,0,2,0,0,0,0,0,0,0,0,0,0,0,0,0,0,0,0,0,0,0,0,0,0,0,8,2,1.5
Vinícius Júnior,Real Madrid,Forward,6,3,4,83,27,8,10,9,29,3,8,0,13,24,1,0,451,377,19,6,0,13,0,0,0,0,0,4,3,1,0,0,4,0,0,1199,13,133.0
Asensio,Real Madrid,Forward,2,5,0,1,5,3,0,2,3,0,1,1,2,0,0,0,89,75,4,1,1,8,0,0,0,0,0,1,0,1,0,0,0,1,0,207,8,28.4
Rodrygo,Real Madrid,Forward,2,1,1,20,23,10,7,6,14,1,1,3,5,11,1,0,209,183,13,5,3,11,0,0,0,0,0,5,2,2,1,0,5,0,0,505,11,65.7
Benzema,Real Madrid,Forward,1,2,9,18,45,23,13,9,6,1,0,10,2,4,1,0,523,433,10,2,4,12,0,0,0,0,0,15,11,1,3,0,13,2,3,1106,12,121.5
Jović,Real Madrid,Forward,0,0,0,0,4,1,2,1,1,0,0,0,1,3,1,0,40,36,0,0,0,3,0,0,0,0,0,0,0,0,0,0,0,0,0,113,3,12.9
E. Hazard,Real Madrid,Forward,0,0,0,0,3,3,0,0,1,0,0,0,1,3,0,0,0,0,0,0,0,3,0,0,0,0,0,0,0,0,0,0,0,0,0,84,3,10.8
Mariano Díaz,Real Madrid,Forward,0,0,0,0,0,0,0,0,0,0,0,0,0,0,0,0,0,0,0,0,0,0,0,0,0,0,0,0,0,0,0,0,0,0,0,12,1,1.6
Bale,Real Madrid,Forward,0,0,0,0,0,0,0,0,0,0,0,0,0,0,0,0,0,0,0,0,0,0,0,0,0,0,0,0,0,0,0,0,0,0,0,7,2,2.2
Courtois,Real Madrid,Goalkeeper,0,0,0,0,0,0,0,0,0,0,0,0,0,0,0,0,483,365,0,0,27,0,61,14,1,5,4,0,0,0,0,0,0,0,0,1230,13,64.2
Modrić,Real Madrid,Midfielder,4,10,0,8,14,5,3,6,39,3,6,4,3,8,1,0,799,723,12,3,26,13,0,0,0,0,0,0,0,0,0,0,0,0,0,1077,13,124.5
Valverde,Real Madrid,Midfielder,1,0,3,10,9,0,4,5,29,7,6,10,4,5,2,0,395,336,15,3,1,11,0,0,0,0,0,0,0,0,0,0,0,0,0,804,11,96.7
Camavinga,Real Madrid,Midfielder,1,0,1,2,2,0,2,0,19,9,8,6,5,10,1,0,179,158,1,0,7,10,0,0,0,0,0,0,0,0,0,0,0,0,0,296,10,40.2
Lucas Vázquez,Real Madrid,Midfielder,1,0,0,6,0,0,0,0,13,0,2,6,4,8,1,0,239,207,12,3,2,8,0,0,0,0,0,0,0,0,0,0,0,0,0,349,8,47.4
Kroos,Real Madrid,Midfielder,0,0,0,0,12,7,1,4,37,5,6,4,7,18,0,0,814,752,34,7,44,12,0,0,0,0,0,2,1,1,0,0,0,2,0,902,12,116.5
Casemiro,Real Madrid,Midfielder,0,0,0,0,10,2,6,2,76,13,18,19,17,18,3,0,538,482,4,1,6,11,0,0,0,0,0,0,0,0,0,0,0,0,0,914,11,107.6
Ceballos,Real Madrid,Midfielder,0,0,0,0,0,0,0,0,2,1,1,1,0,0,0,0,0,0,0,0,0,0,0,0,0,0,0,0,0,0,0,0,0,0,0,37,5,7.8
Blanco,Real Madrid,Midfielder,0,0,0,0,0,0,0,0,0,0,0,0,0,0,0,0,0,0,0,0,0,0,0,0,0,0,0,0,0,0,0,0,0,0,0,6,1,1.3
Kristensen,Red Bull Salzburg,Defender,1,0,2,12,10,2,5,3,36,8,10,27,14,4,1,0,282,191,12,0,1,8,0,0,0,0,0,0,0,0,0,0,0,0,0,720,8,85.5
Bernardo,Red Bull Salzburg,Defender,1,0,0,0,0,0,0,0,2,0,0,1,0,0,0,0,0,0,0,0,0,0,0,0,0,0,0,0,0,0,0,0,0,0,0,23,2,4.2
Wöber,Red Bull Salzburg,Defender,0,0,0,0,8,2,4,2,39,6,8,36,7,3,0,0,314,255,2,0,12,7,0,0,0,0,0,1,0,1,0,0,0,1,0,573,7,66.5
Ulmer,Red Bull Salzburg,Defender,0,0,0,0,5,2,1,2,41,2,4,20,13,2,2,0,277,187,16,0,5,8,0,0,0,0,0,0,0,0,0,0,0,0,0,716,8,84.2
Solet,Red Bull Salzburg,Defender,0,0,0,0,2,2,0,0,36,0,1,18,4,0,0,0,142,123,0,0,6,5,0,0,0,0,0,0,0,0,0,0,0,0,0,328,5,38.9
Onguéné,Red Bull Salzburg,Defender,0,0,0,0,0,0,0,0,33,3,1,22,5,5,1,0,242,213,0,0,10,5,0,0,0,0,0,0,0,0,0,0,0,0,0,437,5,48.3
Piątkowski,Red Bull Salzburg,Defender,0,0,0,0,0,0,0,0,3,0,0,3,1,1,0,0,0,0,0,0,0,2,0,0,0,0,0,0,0,0,0,0,0,0,0,84,2,9.8
Guindo,Red Bull Salzburg,Defender,0,0,0,0,0,0,0,0,1,1,0,0,0,0,0,0,0,0,0,0,0,0,0,0,0,0,0,0,0,0,0,0,0,0,0,4,1,1.2
Adeyemi,Red Bull Salzburg,Forward,1,0,0,23,16,10,3,3,8,1,3,0,9,18,2,0,90,49,7,2,1,8,0,0,0,0,0,3,0,3,0,0,3,0,2,607,8,69.2
Šeško,Red Bull Salzburg,Forward,0,0,0,0,6,3,3,0,6,0,0,1,4,0,0,0,58,40,1,1,1,6,0,0,0,0,0,0,0,0,0,0,0,0,0,234,6,32.1
Adamu,Red Bull Salzburg,Forward,0,0,0,0,4,2,0,2,6,2,6,0,10,2,0,0,59,32,1,0,0,8,0,0,0,0,0,1,1,0,0,0,1,0,0,231,8,32.6
Šimić,Red Bull Salzburg,Forward,0,0,0,0,1,0,0,1,0,0,0,0,0,0,0,0,0,0,0,0,0,0,0,0,0,0,0,0,0,0,0,0,0,0,0,4,1,1.3
Köhn,Red Bull Salzburg,Goalkeeper,0,0,0,0,0,0,0,0,0,0,0,0,0,0,0,0,220,156,0,0,25,0,16,14,0,1,3,0,0,0,0,0,0,0,0,720,8,43.8
Aaronson,Red Bull Salzburg,Midfielder,2,4,5,9,9,3,2,4,17,0,4,3,3,13,0,0,239,181,18,5,4,8,0,0,0,0,0,0,0,0,0,0,0,0,0,715,8,103.5
Seiwald,Red Bull Salzburg,Midfielder,1,18,1,5,4,3,0,1,44,6,12,9,19,3,2,0,258,190,25,5,9,8,0,0,0,0,0,0,0,0,0,0,0,0,0,649,8,85.3
Sučić,Red Bull Salzburg,Midfielder,0,0,0,0,12,2,5,5,22,2,0,3,4,2,0,0,194,153,14,3,4,8,0,0,0,0,0,1,0,1,0,0,1,0,1,516,8,65.4
Okafor,Red Bull Salzburg,Midfielder,0,0,0,0,7,5,1,1,3,0,5,0,5,2,1,0,80,51,4,0,0,6,0,0,0,0,0,3,3,0,0,0,3,0,0,345,6,40
Camara,Red Bull Salzburg,Midfielder,0,0,0,0,3,0,3,0,41,7,7,4,14,23,2,0,369,325,1,0,18,8,0,0,0,0,0,0,0,0,0,0,0,0,0,672,8,80.9
Kjærgaard,Red Bull Salzburg,Midfielder,0,0,0,0,1,1,0,0,1,0,1,0,2,0,1,0,0,0,0,0,0,4,0,0,0,0,0,1,0,1,0,0,1,0,0,38,4,7.9
Capaldo,Red Bull Salzburg,Midfielder,0,0,0,0,1,0,0,1,28,5,9,5,15,8,3,0,112,78,8,2,4,7,0,0,0,0,0,0,0,0,0,0,0,0,0,281,7,36.9
Tijani,Red Bull Salzburg,Midfielder,0,0,0,0,0,0,0,0,2,1,1,0,0,0,0,0,0,0,0,0,0,0,0,0,0,0,0,0,0,0,0,0,0,0,0,23,1,3.1
Koundé,Sevilla,Defender,0,0,0,0,5,2,2,1,48,0,0,15,3,4,0,0,343,311,0,0,11,5,0,0,0,0,0,0,0,0,0,0,0,0,0,450,5,53.2
Diego Carlos,Sevilla,Defender,0,0,0,0,4,1,3,0,41,1,2,20,1,3,2,0,414,374,0,0,11,6,0,0,0,0,0,0,0,0,0,0,0,0,0,539,6,58.7
Jesús Navas,Sevilla,Defender,0,0,0,0,2,1,0,1,15,0,0,5,3,4,1,0,249,209,19,6,3,4,0,0,0,0,0,0,0,0,0,0,0,0,0,332,4,40
Montiel,Sevilla,Defender,0,0,0,0,1,1,0,0,12,3,5,1,1,2,1,0,123,103,11,2,0,4,0,0,0,0,0,0,0,0,0,0,0,0,0,186,4,24.9
Acuña,Sevilla,Defender,0,0,0,0,0,0,0,0,19,6,2,4,12,6,0,0,275,214,30,12,15,5,0,0,0,0,0,0,0,0,0,0,0,0,0,379,5,43.2
Augustinsson,Sevilla,Defender,0,0,0,0,0,0,0,0,5,0,2,0,2,3,1,0,0,0,0,0,0,3,0,0,0,0,0,0,0,0,0,0,0,0,0,80,3,11.1
Rekik,Sevilla,Defender,0,0,0,0,0,0,0,0,5,0,1,0,3,3,1,0,93,86,2,0,5,4,0,0,0,0,0,0,0,0,0,0,0,0,0,125,4,15.1
Rafa Mir,Sevilla,Forward,1,0,0,1,10,4,5,1,3,0,0,3,3,1,1,0,46,29,2,1,0,6,0,0,0,0,0,1,1,0,0,0,1,0,0,271,6,36.4
Suso,Sevilla,Forward,0,0,0,0,8,2,5,1,4,0,1,0,5,6,1,0,99,81,17,4,2,4,0,0,0,0,0,0,0,0,0,0,0,0,0,228,4,25.2
Gómez,Sevilla,Forward,0,0,0,0,5,1,1,3,8,0,1,1,1,5,0,0,176,148,15,2,1,5,0,0,0,0,0,0,0,0,0,0,0,0,0,322,5,36.7
Munir,Sevilla,Forward,0,0,0,0,5,0,2,3,1,0,1,0,3,6,0,0,49,41,1,1,1,4,0,0,0,0,0,0,0,0,0,0,0,0,0,204,4,26.4
En-Nesyri,Sevilla,Forward,0,0,0,0,3,0,2,1,0,0,0,0,5,3,3,1,0,0,0,0,0,2,0,0,0,0,0,0,0,0,0,0,0,0,0,83,2,10.2
Iván Romero,Sevilla,Forward,0,0,0,0,0,0,0,0,0,0,0,0,0,0,0,0,0,0,0,0,0,0,0,0,0,0,0,0,0,0,0,0,0,0,0,20,1,2.7
Bounou,Sevilla,Goalkeeper,0,0,0,0,0,0,0,0,0,0,0,0,1,0,0,0,185,152,1,0,12,6,14,5,0,2,1,0,0,0,0,0,0,0,0,540,6,37.2
Rakitić,Sevilla,Midfielder,1,7,0,0,7,3,2,2,11,1,4,1,6,3,1,0,148,124,14,3,14,5,0,0,0,0,0,2,2,0,0,0,2,0,2,276,5,36.4
Ocampos,Sevilla,Midfielder,1,1,1,16,12,3,7,2,9,0,1,2,4,18,2,0,165,133,19,4,1,6,0,0,0,0,0,1,1,0,0,0,1,0,0,463,6,50.6
Lamela,Sevilla,Midfielder,0,0,0,0,3,2,1,0,7,2,4,1,4,6,1,0,54,46,5,1,2,4,0,0,0,0,0,0,0,0,0,0,0,0,0,119,4,17.6
Jordán,Sevilla,Midfielder,0,0,0,0,3,2,0,1,18,2,4,2,10,4,2,1,221,203,4,2,9,6,0,0,0,0,0,1,0,0,1,0,1,0,0,327,6,43.3
Óliver Torres,Sevilla,Midfielder,0,0,0,0,1,1,0,0,4,0,0,0,0,0,0,0,122,105,5,1,2,0,0,0,0,0,0,0,0,0,0,0,0,0,0,168,4,25.8
Óscar Rodríguez,Sevilla,Midfielder,0,0,0,0,1,0,1,0,2,0,1,0,0,0,0,0,0,0,0,0,0,0,0,0,0,0,0,0,0,0,0,0,0,0,0,22,1,3.8
Delaney,Sevilla,Midfielder,0,0,0,0,1,0,0,1,9,2,2,3,4,2,2,0,76,61,0,0,1,4,0,0,0,0,0,0,0,0,0,0,0,0,0,200,4,28.1
Fernando,Sevilla,Midfielder,0,0,0,0,0,0,0,0,51,1,2,6,6,6,1,0,293,253,1,0,10,6,0,0,0,0,0,0,0,0,0,0,0,0,0,540,6,66.6
Kryvtsov,Shakhtar Donetsk,Defender,1,0,0,0,0,0,0,0,9,0,0,11,1,0,0,0,167,153,0,0,4,3,0,0,0,0,0,0,0,0,0,0,0,0,0,192,3,23.5
Dodô,Shakhtar Donetsk,Defender,0,0,0,0,7,2,4,1,37,6,4,8,5,8,0,0,289,256,10,1,11,6,0,0,0,0,0,0,0,0,0,0,0,0,0,540,6,64.5
Marlon,Shakhtar Donetsk,Defender,0,0,0,0,3,0,3,0,21,1,2,15,6,0,0,0,424,402,0,0,8,5,0,0,0,0,0,0,0,0,0,0,0,0,0,450,5,48.8
Ismaily,Shakhtar Donetsk,Defender,0,0,0,0,3,0,3,0,19,1,0,13,1,4,0,0,184,159,4,0,5,5,0,0,0,0,0,0,0,0,0,0,0,0,0,355,5,44.8
Matviyenko,Shakhtar Donetsk,Defender,0,0,0,0,2,0,2,0,27,1,1,9,2,3,0,0,350,328,2,0,1,4,0,0,0,0,0,0,0,0,0,0,0,0,0,360,4,43
Korniienko,Shakhtar Donetsk,Defender,0,0,0,0,1,0,1,0,3,0,1,1,0,0,0,0,0,0,0,0,0,0,0,0,0,0,0,0,0,0,0,0,0,0,0,83,2,11.2
Bondar,Shakhtar Donetsk,Defender,0,0,0,0,1,0,1,0,9,0,0,2,1,0,0,0,105,99,0,0,3,1,0,0,0,0,0,0,0,0,0,0,0,0,0,90,1,10.2
Vitão,Shakhtar Donetsk,Defender,0,0,0,0,0,0,0,0,3,0,1,10,1,0,1,0,73,68,0,0,3,1,0,0,0,0,0,0,0,0,0,0,0,0,0,90,1,9.4
Tetê,Shakhtar Donetsk,Forward,0,0,0,0,9,2,4,3,6,0,1,0,6,10,0,0,129,110,4,0,0,6,0,0,0,0,0,0,0,0,0,0,0,0,0,373,6,44.5
Traoré,Shakhtar Donetsk,Forward,0,0,0,0,1,1,0,0,0,0,0,0,1,1,0,0,22,16,0,0,0,2,0,0,0,0,0,0,0,0,0,0,0,0,0,101,2,10.5
Pyatov,Shakhtar Donetsk,Goalkeeper,0,0,0,0,0,0,0,0,0,0,0,0,0,0,0,0,83,75,0,0,3,0,5,2,0,2,4,0,0,0,0,0,0,0,0,266,3,14.2
Trubin,Shakhtar Donetsk,Goalkeeper,0,0,0,0,0,0,0,0,0,0,0,0,0,0,0,0,94,78,0,0,5,0,18,9,0,0,0,0,0,0,0,0,0,0,0,270,3,15.5
Shevchenko,Shakhtar Donetsk,Goalkeeper,0,0,0,0,0,0,0,0,0,0,0,0,0,0,0,0,0,0,0,0,0,0,1,1,0,0,0,0,0,0,0,0,0,0,0,4,1,0.5
Alan Patrick,Shakhtar Donetsk,Midfielder,1,4,0,5,6,1,1,4,10,0,2,1,6,6,0,0,153,127,4,2,4,4,0,0,0,0,0,0,0,0,0,0,0,0,0,268,4,37.1
Fernando,Shakhtar Donetsk,Midfielder,0,0,0,0,12,5,4,3,6,0,2,1,6,3,1,0,77,63,1,0,0,5,0,0,0,0,0,2,2,0,0,0,2,0,0,350,5,34.8
Pedrinho,Shakhtar Donetsk,Midfielder,0,0,0,0,10,2,4,4,4,0,2,0,5,3,0,0,170,150,4,2,0,4,0,0,0,0,0,0,0,0,0,0,0,0,0,343,4,40.9
Solomon,Shakhtar Donetsk,Midfielder,0,0,0,0,7,1,4,2,6,0,0,0,2,2,0,0,136,123,5,0,0,5,0,0,0,0,0,0,0,0,0,0,0,0,0,322,5,42.3
Maycon,Shakhtar Donetsk,Midfielder,0,0,0,0,5,0,2,3,18,1,1,3,5,1,0,0,395,373,12,7,9,6,0,0,0,0,0,0,0,0,0,0,0,0,0,473,6,62.9
Mudryk,Shakhtar Donetsk,Midfielder,0,0,0,0,4,4,0,0,7,1,2,3,3,4,1,0,69,54,11,1,0,6,0,0,0,0,0,0,0,0,0,0,0,0,0,179,6,24.2
Marlos,Shakhtar Donetsk,Midfielder,0,0,0,0,3,2,1,0,4,1,0,1,0,0,0,0,126,110,4,2,2,0,0,0,0,0,0,0,0,0,0,0,0,0,0,206,6,25.4
Sudakov,Shakhtar Donetsk,Midfielder,0,0,0,0,3,1,0,2,2,0,0,0,1,1,0,0,0,0,0,0,0,2,0,0,0,0,0,0,0,0,0,0,0,0,0,56,2,8.3
Bondarenko,Shakhtar Donetsk,Midfielder,0,0,0,0,2,0,2,0,2,0,2,0,1,2,0,0,0,0,0,0,0,2,0,0,0,0,0,0,0,0,0,0,0,0,0,84,2,11.8
Stepanenko,Shakhtar Donetsk,Midfielder,0,0,0,0,1,0,1,0,8,1,3,3,7,0,0,0,146,137,1,0,4,4,0,0,0,0,0,0,0,0,0,0,0,0,0,225,4,30.6
Marcos Antônio,Shakhtar Donetsk,Midfielder,0,0,0,0,1,0,0,1,8,1,3,1,3,3,1,0,234,224,0,0,5,5,0,0,0,0,0,0,0,0,0,0,0,0,0,256,5,36.1
Dentinho,Shakhtar Donetsk,Midfielder,0,0,0,0,0,0,0,0,0,0,0,0,1,0,1,0,0,0,0,0,0,1,0,0,0,0,0,0,0,0,0,0,0,0,0,4,1,1
Cristiano,Sheriff Tiraspol,Defender,3,0,1,7,3,1,2,0,18,3,5,18,4,3,1,0,159,117,21,9,4,6,0,0,0,0,0,0,0,0,0,0,0,0,0,540,6,63.2
Dulanto,Sheriff Tiraspol,Defender,0,0,0,0,3,0,3,0,32,3,8,39,5,1,3,0,195,162,0,0,11,6,0,0,0,0,0,0,0,0,0,0,0,0,0,540,6,53
Fernando Costanza,Sheriff Tiraspol,Defender,0,0,0,0,2,0,1,1,39,13,6,39,6,8,2,0,136,92,11,2,4,6,0,0,0,0,0,0,0,0,0,0,0,0,0,540,6,64.6
Julien,Sheriff Tiraspol,Defender,0,0,0,0,1,1,0,0,1,0,0,0,0,0,0,0,0,0,0,0,0,0,0,0,0,0,0,0,0,0,0,0,0,0,0,52,3,7.2
Arboleda,Sheriff Tiraspol,Defender,0,0,0,0,1,0,1,0,30,0,1,37,1,1,1,0,145,124,0,0,6,6,0,0,0,0,0,0,0,0,0,0,0,0,0,540,6,53.3
Radeljić,Sheriff Tiraspol,Defender,0,0,0,0,0,0,0,0,3,1,0,4,0,0,0,0,0,0,0,0,0,0,0,0,0,0,0,0,0,0,0,0,0,0,0,79,3,10.2
Cojocari,Sheriff Tiraspol,Defender,0,0,0,0,0,0,0,0,0,0,0,0,0,0,0,0,0,0,0,0,0,0,0,0,0,0,0,0,0,0,0,0,0,0,0,1,1,0.5
Yakhshiboev,Sheriff Tiraspol,Forward,0,0,0,0,4,2,1,1,3,0,4,1,5,0,0,0,37,22,1,0,0,3,0,0,0,0,0,1,0,0,1,0,1,0,0,205,3,27.9
Yansané,Sheriff Tiraspol,Forward,0,0,0,0,3,2,1,0,5,0,0,1,1,2,0,0,37,31,0,0,0,3,0,0,0,0,0,1,0,0,1,0,1,0,0,156,3,21.6
Celeadnic,Sheriff Tiraspol,Goalkeeper,0,0,0,0,0,0,0,0,0,0,0,0,0,0,0,0,31,25,0,0,2,0,6,3,0,0,1,0,0,0,0,0,0,0,0,90,1,4.7
Athanasiadis,Sheriff Tiraspol,Goalkeeper,0,0,0,0,0,0,0,0,0,0,0,0,0,0,0,0,154,106,0,0,10,0,29,8,0,1,2,0,0,0,0,0,0,0,0,450,5,22.7
S. Thill,Sheriff Tiraspol,Midfielder,1,9,0,1,13,6,5,2,14,6,6,16,2,2,1,0,206,167,17,4,18,6,0,0,0,0,0,2,0,1,0,1,0,2,0,540,6,76.8
Traore,Sheriff Tiraspol,Midfielder,1,0,1,13,11,4,6,1,17,0,5,8,8,7,0,0,105,83,3,1,1,6,0,0,0,0,0,2,0,1,1,0,2,0,0,530,6,64.4
Castañeda,Sheriff Tiraspol,Midfielder,0,0,0,0,4,2,1,1,11,1,7,3,5,5,0,0,90,73,8,2,1,5,0,0,0,0,0,0,0,0,0,0,0,0,0,357,5,45.5
Bruno,Sheriff Tiraspol,Midfielder,0,0,0,0,3,1,1,1,10,2,0,6,7,5,0,0,82,63,6,3,2,6,0,0,0,0,0,0,0,0,0,0,0,0,0,312,6,38.5
Nikolov,Sheriff Tiraspol,Midfielder,0,0,0,0,3,1,1,1,5,2,0,0,4,3,0,0,27,24,0,0,0,5,0,0,0,0,0,1,1,0,0,0,1,0,0,97,5,14.6
Kolovos,Sheriff Tiraspol,Midfielder,0,0,0,0,2,0,0,2,10,0,1,0,1,8,1,0,88,66,1,0,0,6,0,0,0,0,0,0,0,0,0,0,0,0,0,405,6,49.3
Addo,Sheriff Tiraspol,Midfielder,0,0,0,0,1,0,1,0,27,7,19,10,14,4,3,0,137,118,0,0,2,6,0,0,0,0,0,0,0,0,0,0,0,0,0,491,6,59.7
Cojocaru,Sheriff Tiraspol,Midfielder,0,0,0,0,0,0,0,0,1,0,1,1,1,0,1,0,0,0,0,0,0,2,0,0,0,0,0,0,0,0,0,0,0,0,0,15,2,3.6
Ricardo Esgaio,Sporting CP,Defender,2,0,0,1,2,0,1,1,17,3,4,5,7,3,1,0,171,146,3,1,7,8,0,0,0,0,0,0,0,0,0,0,0,0,0,380,8,48.8
Gonçalo Inácio,Sporting CP,Defender,1,0,0,2,1,0,1,0,28,3,1,16,3,2,1,0,271,246,0,0,17,7,0,0,0,0,0,0,0,0,0,0,0,0,0,561,7,60.7
Pedro Porro,Sporting CP,Defender,0,0,0,0,8,3,2,3,19,1,1,8,6,12,2,0,207,135,25,2,6,7,0,0,0,0,0,1,0,0,0,1,1,0,0,529,7,60.9
Coates,Sporting CP,Defender,0,0,0,0,7,2,4,1,28,2,4,29,1,3,1,0,240,211,0,0,10,6,0,0,0,0,0,2,0,0,2,0,2,0,0,540,6,50.9
Matheus Reis,Sporting CP,Defender,0,0,0,0,4,0,3,1,23,6,3,10,6,8,0,0,224,192,6,1,6,8,0,0,0,0,0,0,0,0,0,0,0,0,0,611,8,75.3
Feddal,Sporting CP,Defender,0,0,0,0,1,0,1,0,24,3,5,19,0,0,0,0,259,229,0,0,7,0,0,0,0,0,0,0,0,0,0,0,0,0,0,450,6,49.2
Flávio Nazinho,Sporting CP,Defender,0,0,0,0,1,0,1,0,3,1,0,0,0,0,0,0,0,0,0,0,0,0,0,0,0,0,0,0,0,0,0,0,0,0,0,19,2,4
Esteves,Sporting CP,Defender,0,0,0,0,1,0,0,1,2,0,1,1,1,2,0,0,0,0,0,0,0,1,0,0,0,0,0,0,0,0,0,0,0,0,0,73,1,8.4
Luís Neto,Sporting CP,Defender,0,0,0,0,0,0,0,0,25,7,6,13,0,0,0,0,220,202,0,0,19,0,0,0,0,0,0,0,0,0,0,0,0,0,0,368,6,38.6
Rúben Vinagre,Sporting CP,Defender,0,0,0,0,0,0,0,0,0,0,0,0,0,0,0,0,0,0,0,0,0,0,0,0,0,0,0,0,0,0,0,0,0,0,0,63,2,7.8
Paulinho,Sporting CP,Forward,1,0,5,8,16,8,7,1,12,0,3,4,5,14,2,0,139,105,3,0,0,8,0,0,0,0,0,3,0,3,0,0,1,2,0,582,8,68.2
Sarabia,Sporting CP,Forward,0,0,0,0,6,4,0,2,9,3,3,1,3,12,0,0,140,98,13,7,4,8,0,0,0,0,0,2,1,1,0,0,2,0,1,510,8,66.6
Tiago Tomás,Sporting CP,Forward,0,0,0,0,4,1,3,0,2,1,4,0,3,4,1,0,27,20,3,1,0,5,0,0,0,0,0,0,0,0,0,0,0,0,0,162,5,22.1
Nuno Santos,Sporting CP,Forward,0,0,0,0,2,1,1,0,0,0,0,0,1,2,0,0,72,49,9,1,1,7,0,0,0,0,0,1,0,1,0,0,1,0,0,218,7,28.9
Edwards,Sporting CP,Forward,0,0,0,0,1,1,0,0,1,0,0,0,0,0,0,0,0,0,0,0,0,0,0,0,0,0,0,0,0,0,0,0,0,0,0,32,1,4
Jovane Cabral,Sporting CP,Forward,0,0,0,0,0,0,0,0,2,0,0,0,2,0,0,0,0,0,0,0,0,3,0,0,0,0,0,0,0,0,0,0,0,0,0,79,3,9.8
Slimani,Sporting CP,Forward,0,0,0,0,0,0,0,0,0,0,0,0,2,0,1,0,23,17,1,0,0,2,0,0,0,0,0,0,0,0,0,0,0,0,0,104,2,12.4
Rodrigo Ribeiro,Sporting CP,Forward,0,0,0,0,0,0,0,0,0,0,0,0,0,0,0,0,0,0,0,0,0,0,0,0,0,0,0,0,0,0,0,0,0,0,0,1,1,0.7
João Virginia,Sporting CP,Goalkeeper,0,0,0,0,0,0,0,0,0,0,0,0,0,0,0,0,36,28,0,0,1,0,3,4,0,0,0,0,0,0,0,0,0,0,0,90,1,5.4
Adán,Sporting CP,Goalkeeper,0,0,0,0,0,0,0,0,0,0,0,0,0,0,0,0,233,166,0,0,34,0,17,13,0,2,8,0,0,0,0,0,0,0,0,630,7,36.3
Pedro Gonçalves,Sporting CP,Midfielder,2,7,0,10,13,7,3,3,10,3,1,1,3,4,0,0,83,54,8,5,1,5,0,0,0,0,0,4,4,0,0,0,3,1,1,329,5,41.3
Matheus Nunes,Sporting CP,Midfielder,2,0,0,21,1,1,0,0,22,2,2,9,4,9,3,0,211,177,0,0,11,6,0,0,0,0,0,0,0,0,0,0,0,0,0,509,6,64.3
Bruno Tabata,Sporting CP,Midfielder,1,2,0,2,4,1,1,2,3,0,5,2,5,2,1,0,76,58,5,1,4,4,0,0,0,0,0,1,0,1,0,0,1,0,0,201,4,28.3
João Palhinha,Sporting CP,Midfielder,0,0,0,0,4,1,2,1,36,11,18,6,23,17,2,0,194,165,1,0,14,6,0,0,0,0,0,0,0,0,0,0,0,0,0,534,6,66.4
Daniel Bragança,Sporting CP,Midfielder,0,0,0,0,3,1,1,1,7,2,0,0,3,6,1,0,66,61,0,0,2,5,0,0,0,0,0,0,0,0,0,0,0,0,0,131,5,18.9
Ugarte,Sporting CP,Midfielder,0,0,0,0,0,0,0,0,7,3,4,1,7,8,1,0,74,65,2,1,3,4,0,0,0,0,0,0,0,0,0,0,0,0,0,205,4,29.6
Dário Essugo,Sporting CP,Midfielder,0,0,0,0,0,0,0,0,1,0,0,0,0,0,0,0,0,0,0,0,0,0,0,0,0,0,0,0,0,0,0,0,0,0,0,9,1,1.8
Aurier,Villarreal,Defender,1,1,0,0,1,0,1,0,9,1,2,5,1,1,0,0,66,58,2,0,0,5,0,0,0,0,0,0,0,0,0,0,0,0,0,129,5,15.9
Pau Torres,Villarreal,Defender,0,0,0,0,4,1,3,0,49,3,4,62,3,2,1,0,506,457,0,0,16,12,0,0,0,0,0,1,1,0,0,0,1,0,0,1080,12,124.2
Foyth,Villarreal,Defender,0,0,0,0,4,0,2,2,55,10,10,30,9,7,1,0,347,290,1,0,8,10,0,0,0,0,0,0,0,0,0,0,0,0,0,891,10,98.7
Moreno,Villarreal,Defender,0,0,0,0,3,2,1,0,8,0,4,6,5,3,2,0,135,110,2,2,2,7,0,0,0,0,0,1,0,1,0,0,1,0,0,309,7,41.7
Albiol,Villarreal,Defender,0,0,0,0,2,0,1,1,73,6,3,62,9,6,1,0,440,385,1,0,14,12,0,0,0,0,0,0,0,0,0,0,0,0,0,1045,12,115.7
Estupiñán,Villarreal,Defender,0,0,0,0,1,0,0,1,52,4,4,31,7,3,2,0,282,229,14,4,3,10,0,0,0,0,0,0,0,0,0,0,0,0,0,645,10,76.4
Peña,Villarreal,Defender,0,0,0,0,0,0,0,0,2,1,1,1,1,0,1,0,0,0,0,0,0,2,0,0,0,0,0,0,0,0,0,0,0,0,0,18,2,3.3
Mario Gaspar,Villarreal,Defender,0,0,0,0,0,0,0,0,1,0,0,2,2,2,1,0,32,29,1,0,1,2,0,0,0,0,0,0,0,0,0,0,0,0,0,93,2,10.8
Mandi,Villarreal,Defender,0,0,0,0,0,0,0,0,0,0,0,0,0,0,0,0,0,0,0,0,0,0,0,0,0,0,0,0,0,0,0,0,0,0,0,24,2,3.7
Gerard Moreno,Villarreal,Forward,4,0,3,9,21,6,9,6,9,0,2,5,3,7,1,0,163,110,6,1,2,7,0,0,0,0,0,2,0,1,1,0,2,0,1,524,7,65.7
Dia,Villarreal,Forward,0,0,0,0,5,2,1,2,3,2,0,3,3,3,0,0,46,35,0,0,1,8,0,0,0,0,0,1,1,0,0,0,1,0,0,258,8,33.3
Pino,Villarreal,Forward,0,0,0,0,4,2,2,0,14,4,6,0,7,7,3,0,106,88,5,0,0,7,0,0,0,0,0,1,0,0,1,0,1,0,0,431,7,54.7
Alcácer,Villarreal,Forward,0,0,0,0,4,2,1,1,2,0,0,0,1,0,0,0,0,0,0,0,0,3,0,0,0,0,0,1,1,0,0,0,1,0,0,73,3,10
Rulli,Villarreal,Goalkeeper,0,0,0,0,0,0,0,0,0,0,0,0,0,0,0,0,489,332,0,0,53,0,41,16,0,3,12,0,0,0,0,0,0,0,0,1080,12,61.2
Capoue,Villarreal,Midfielder,4,0,0,17,9,3,4,2,62,1,10,29,19,17,3,1,491,438,2,1,4,12,0,0,0,0,0,2,1,1,0,0,2,0,0,1046,12,130.9
Parejo,Villarreal,Midfielder,3,36,0,4,5,1,4,0,48,8,9,5,4,17,2,0,657,560,37,21,52,12,0,0,0,0,0,1,0,1,0,0,1,0,0,1055,12,130.9
Danjuma,Villarreal,Midfielder,2,3,8,31,25,14,5,6,3,0,1,5,6,7,0,0,165,128,13,5,0,11,0,0,0,0,0,6,3,3,0,0,6,0,1,906,11,107.8
Pedraza,Villarreal,Midfielder,1,0,0,9,6,0,6,0,18,1,3,9,5,3,1,0,195,151,19,3,0,10,0,0,0,0,0,0,0,0,0,0,0,0,0,431,10,55.3
Moi Gómez,Villarreal,Midfielder,1,0,0,4,4,2,0,2,5,2,1,4,3,0,0,0,83,62,4,1,0,6,0,0,0,0,0,0,0,0,0,0,0,0,0,222,6,32
Trigueros,Villarreal,Midfielder,0,0,0,0,6,6,0,0,8,1,5,4,3,6,0,0,142,116,2,0,4,9,0,0,0,0,0,1,1,0,0,0,1,0,0,330,9,42.9
Lo Celso,Villarreal,Midfielder,0,0,0,0,5,0,3,2,21,7,5,3,8,15,3,0,204,170,3,0,1,6,0,0,0,0,0,0,0,0,0,0,0,0,0,524,6,68.4
Chukwueze,Villarreal,Midfielder,0,0,0,0,3,2,1,0,5,0,1,2,6,2,0,0,50,37,2,0,1,9,0,0,0,0,0,2,0,2,0,0,2,0,0,273,9,37
Coquelin,Villarreal,Midfielder,0,0,0,0,3,2,1,0,13,3,6,6,9,4,2,1,150,124,2,1,1,8,0,0,0,0,0,1,0,0,1,0,1,0,0,463,8,57.6
Iborra,Villarreal,Midfielder,0,0,0,0,0,0,0,0,2,0,0,0,1,0,0,0,0,0,0,0,0,1,0,0,0,0,0,0,0,0,0,0,0,0,0,10,1,1.8
Raba,Villarreal,Midfielder,0,0,0,0,0,0,0,0,0,0,0,0,0,0,0,0,0,0,0,0,0,0,0,0,0,0,0,0,0,0,0,0,0,0,0,11,1,1.7
Lacroix,VfL Wolfsburg,Defender,0,0,0,0,2,0,2,0,35,1,0,30,5,6,2,0,284,232,0,0,22,6,0,0,0,0,0,0,0,0,0,0,0,0,0,540,6,61.3
Bornauw,VfL Wolfsburg,Defender,0,0,0,0,2,0,2,0,15,1,0,10,3,0,1,0,86,68,0,0,2,3,0,0,0,0,0,0,0,0,0,0,0,0,0,204,3,22.3
Mbabu,VfL Wolfsburg,Defender,0,0,0,0,1,0,1,0,17,5,2,16,7,3,2,0,141,96,16,5,4,6,0,0,0,0,0,0,0,0,0,0,0,0,0,328,6,38.6
Roussillon,VfL Wolfsburg,Defender,0,0,0,0,1,0,1,0,27,2,1,8,4,2,2,0,131,103,7,0,0,6,0,0,0,0,0,0,0,0,0,0,0,0,0,362,6,41.6
Brooks,VfL Wolfsburg,Defender,0,0,0,0,0,0,0,0,18,2,1,23,5,0,3,1,167,143,0,0,13,4,0,0,0,0,0,0,0,0,0,0,0,0,0,331,4,36.3
Paulo Otávio,VfL Wolfsburg,Defender,0,0,0,0,0,0,0,0,15,2,1,7,2,6,0,0,72,48,8,0,0,4,0,0,0,0,0,0,0,0,0,0,0,0,0,171,4,20.2
L. Nmecha,VfL Wolfsburg,Forward,0,0,0,0,9,4,1,4,7,2,3,3,8,9,3,0,66,50,1,0,0,5,0,0,0,0,0,2,1,0,1,0,2,0,0,322,5,42
Weghorst,VfL Wolfsburg,Forward,0,0,0,0,8,2,5,1,10,2,1,3,10,6,2,0,92,69,0,0,0,5,0,0,0,0,0,0,0,0,0,0,0,0,0,398,5,49.4
Lukebakio,VfL Wolfsburg,Forward,0,0,0,0,3,0,1,2,5,2,1,0,2,4,0,0,70,53,2,1,0,6,0,0,0,0,0,0,0,0,0,0,0,0,0,296,6,35.9
Waldschmidt,VfL Wolfsburg,Forward,0,0,0,0,2,0,2,0,1,0,1,1,2,0,1,0,30,25,0,0,0,3,0,0,0,0,0,0,0,0,0,0,0,0,0,119,3,15.6
Philipp,VfL Wolfsburg,Forward,0,0,0,0,1,0,1,0,1,1,0,0,0,0,0,0,9,7,0,0,1,0,0,0,0,0,0,0,0,0,0,0,0,0,0,90,2,11.1
Ginczek,VfL Wolfsburg,Forward,0,0,0,0,0,0,0,0,0,0,0,0,0,0,0,0,0,0,0,0,0,0,0,0,0,0,0,0,0,0,0,0,0,0,0,2,1,1.1
Casteels,VfL Wolfsburg,Goalkeeper,0,0,0,0,0,0,0,0,0,0,0,0,0,0,0,0,182,129,0,0,10,0,18,8,0,1,2,0,0,0,0,0,0,0,0,450,5,30.8
Pervan,VfL Wolfsburg,Goalkeeper,0,0,0,0,0,0,0,0,0,0,0,0,0,0,0,0,40,25,0,0,0,0,5,2,0,0,0,0,0,0,0,0,0,0,0,90,1,5.7
Arnold,VfL Wolfsburg,Midfielder,3,10,0,1,5,1,3,1,30,2,3,8,10,9,3,0,266,210,18,7,25,6,0,0,0,0,0,0,0,0,0,0,0,0,0,540,6,67.3
Gerhardt,VfL Wolfsburg,Midfielder,1,0,0,0,1,0,0,1,5,2,0,0,2,4,0,0,61,44,3,2,0,5,0,0,0,0,0,0,0,0,0,0,0,0,0,192,5,25.8
Steffen,VfL Wolfsburg,Midfielder,0,0,0,0,5,2,2,1,6,2,1,6,5,4,2,0,84,66,2,1,0,5,0,0,0,0,0,2,0,2,0,0,2,0,0,258,5,31.1
Baku,VfL Wolfsburg,Midfielder,0,0,0,0,2,1,0,1,11,0,0,8,3,1,0,0,144,99,9,1,2,6,0,0,0,0,0,1,1,0,0,0,1,0,0,413,6,48.6
Vranckx,VfL Wolfsburg,Midfielder,0,0,0,0,1,1,0,0,17,0,4,3,8,7,0,0,95,77,6,3,1,4,0,0,0,0,0,0,0,0,0,0,0,0,0,337,4,41.5
Guilavogui,VfL Wolfsburg,Midfielder,0,0,0,0,1,0,1,0,39,1,5,26,11,2,4,1,215,184,0,0,5,5,0,0,0,0,0,0,0,0,0,0,0,0,0,429,5,50.5
F. Nmecha,VfL Wolfsburg,Midfielder,0,0,0,0,0,0,0,0,1,0,0,0,1,1,0,0,0,0,0,0,0,2,0,0,0,0,0,0,0,0,0,0,0,0,0,36,2,6.6
Hefti,Young Boys,Defender,1,0,0,3,2,1,0,1,19,4,5,7,9,1,1,0,204,154,20,6,3,6,0,0,0,0,0,1,0,1,0,0,0,1,0,386,6,38.8
Garcia,Young Boys,Defender,0,0,0,0,5,1,2,2,21,4,4,7,9,2,1,0,226,184,23,7,6,5,0,0,0,0,0,0,0,0,0,0,0,0,0,435,5,40.2
Camara,Young Boys,Defender,0,0,0,0,2,1,1,0,22,3,4,11,4,0,0,0,208,185,0,0,4,4,0,0,0,0,0,0,0,0,0,0,0,0,0,347,4,30.5
Bürgy,Young Boys,Defender,0,0,0,0,1,1,0,0,13,0,0,5,1,4,0,0,130,117,0,0,5,2,0,0,0,0,0,0,0,0,0,0,0,0,0,180,2,21.4
Lefort,Young Boys,Defender,0,0,0,0,1,0,1,0,8,5,0,8,6,0,0,0,95,65,4,2,2,3,0,0,0,0,0,0,0,0,0,0,0,0,0,167,3,21.1
Maceiras,Young Boys,Defender,0,0,0,0,1,0,1,0,4,2,0,1,1,2,0,0,57,47,7,0,1,3,0,0,0,0,0,0,0,0,0,0,0,0,0,113,3,16
Lustenberger,Young Boys,Defender,0,0,0,0,1,0,1,0,3,2,0,4,0,0,0,0,68,57,1,0,1,0,0,0,0,0,0,0,0,0,0,0,0,0,0,90,1,10.2
Zesiger,Young Boys,Defender,0,0,0,0,0,0,0,0,1,0,0,0,0,0,0,0,0,0,0,0,0,0,0,0,0,0,0,0,0,0,0,0,0,0,0,1,1,-
Elia,Young Boys,Forward,0,0,0,0,10,3,7,0,10,0,1,0,6,6,1,0,118,96,14,1,2,6,0,0,0,0,0,1,1,0,0,0,1,0,0,489,6,49.1
Siebatcheu,Young Boys,Forward,0,0,0,0,10,3,6,1,5,0,1,2,7,3,0,0,64,51,0,0,0,6,0,0,0,0,0,2,1,0,1,0,2,0,0,341,6,35.6
Kanga,Young Boys,Forward,0,0,0,0,2,0,1,1,0,0,0,0,1,1,0,0,0,0,0,0,0,5,0,0,0,0,0,0,0,0,0,0,0,0,0,75,5,10.1
Mambimbi,Young Boys,Forward,0,0,0,0,1,0,0,1,1,0,2,1,4,0,0,0,0,0,0,0,0,4,0,0,0,0,0,0,0,0,0,0,0,0,0,60,4,9.4
Faivre,Young Boys,Goalkeeper,0,0,0,0,0,0,0,0,0,0,0,0,0,0,0,0,122,100,0,0,2,0,12,6,0,0,1,0,0,0,0,0,0,0,0,270,3,20.5
Von Ballmoos,Young Boys,Goalkeeper,0,0,0,0,0,0,0,0,0,0,0,0,0,0,0,0,85,59,0,0,5,0,9,6,0,0,1,0,0,0,0,0,0,0,0,270,3,12.2
Aebischer,Young Boys,Midfielder,1,11,0,6,7,1,5,1,33,2,5,2,6,4,2,0,272,235,21,10,3,6,0,0,0,0,0,0,0,0,0,0,0,0,0,504,6,53.9
Rieder,Young Boys,Midfielder,1,6,0,2,6,2,1,3,14,4,4,3,6,1,0,0,98,69,9,1,3,6,0,0,0,0,0,1,1,0,0,0,0,1,0,272,6,38.7
Moumi Ngamaleu,Young Boys,Midfielder,1,1,0,34,11,2,5,4,28,3,3,5,10,13,2,0,192,159,18,2,1,6,0,0,0,0,0,1,1,0,0,0,1,0,0,532,6,57.2
Fassnacht,Young Boys,Midfielder,0,0,0,0,8,3,4,1,9,0,0,2,2,0,1,0,86,73,6,1,1,3,0,0,0,0,0,0,0,0,0,0,0,0,0,269,3,23.3
Sierro,Young Boys,Midfielder,0,0,0,0,5,3,1,1,10,0,1,7,5,0,2,0,114,86,5,3,4,5,0,0,0,0,0,1,0,1,0,0,1,0,0,240,5,28.5
C. Martins Pereira,Young Boys,Midfielder,0,0,0,0,5,1,3,1,32,2,8,6,7,4,1,0,177,162,0,0,6,5,0,0,0,0,0,0,0,0,0,0,0,0,0,420,5,44.5
Lauper,Young Boys,Midfielder,0,0,0,0,3,3,0,0,43,7,5,13,3,1,0,0,348,313,0,0,6,6,0,0,0,0,0,0,0,0,0,0,0,0,0,462,6,42.1
Maier,Young Boys,Midfielder,0,0,0,0,1,0,1,0,1,0,0,0,0,0,0,0,0,0,0,0,0,0,0,0,0,0,0,0,0,0,0,0,0,0,0,3,1,1.3
Spielmann,Young Boys,Midfielder,0,0,0,0,0,0,0,0,0,0,0,0,0,0,0,0,0,0,0,0,0,0,0,0,0,0,0,0,0,0,0,0,0,0,0,8,1,1.5
Sulejmani,Young Boys,Midfielder,0,0,0,0,0,0,0,0,0,0,0,0,0,0,0,0,0,0,0,0,0,0,0,0,0,0,0,0,0,0,0,0,0,0,0,7,1,-
Douglas Santos,Zenit,Defender,2,6,1,3,5,0,3,2,23,5,3,20,4,6,0,0,238,202,23,9,4,5,0,0,0,0,0,0,0,0,0,0,0,0,0,444,5,50.5
Rakitskyy,Zenit,Defender,2,6,0,4,7,3,2,2,32,7,5,21,2,3,1,0,348,287,14,4,20,6,0,0,0,0,0,1,0,1,0,0,1,0,1,497,6,52.3
Karavaev,Zenit,Defender,1,0,0,4,3,0,2,1,9,1,1,5,2,0,1,0,115,99,6,1,1,4,0,0,0,0,0,0,0,0,0,0,0,0,0,299,4,38.3
Chistiakov,Zenit,Defender,0,0,0,0,5,1,2,2,19,4,2,18,7,1,2,1,209,196,0,0,4,5,0,0,0,0,0,0,0,0,0,0,0,0,0,444,5,50.8
Lovren,Zenit,Defender,0,0,0,0,1,0,1,0,19,1,0,19,2,0,2,0,159,141,2,1,5,4,0,0,0,0,0,0,0,0,0,0,0,0,0,315,4,34.7
Krugovoi,Zenit,Defender,0,0,0,0,1,0,0,1,7,0,0,0,1,2,0,0,0,0,0,0,0,6,0,0,0,0,0,0,0,0,0,0,0,0,0,68,6,11.8
Malcom,Zenit,Forward,1,6,2,12,10,3,3,4,13,2,1,2,3,14,0,0,179,149,21,5,5,6,0,0,0,0,0,0,0,0,0,0,0,0,0,434,6,48.6
Dzyuba,Zenit,Forward,1,0,2,1,6,1,3,2,4,0,1,8,1,3,0,0,61,39,0,0,0,6,0,0,0,0,0,0,0,0,0,0,0,0,0,277,6,31.2
Azmoun,Zenit,Forward,1,0,1,2,8,6,1,1,7,0,3,4,3,1,0,0,56,38,2,1,0,5,0,0,0,0,0,2,2,0,0,0,2,0,0,303,5,30.3
Kuznetsov,Zenit,Forward,0,0,0,0,1,0,0,1,1,0,0,0,0,0,0,0,0,0,0,0,0,0,0,0,0,0,0,0,0,0,0,0,0,0,0,3,1,0.9
M. Kerzhakov,Zenit,Goalkeeper,0,0,0,0,0,0,0,0,0,0,0,0,0,0,0,0,33,27,0,0,1,0,5,4,0,0,0,0,0,0,0,0,0,0,0,180,2,10.6
Kritsyuk,Zenit,Goalkeeper,0,0,0,0,0,0,0,0,0,0,0,0,0,0,0,0,97,74,0,0,9,0,12,6,0,1,10,0,0,0,0,0,0,0,0,360,4,19.5
Claudinho,Zenit,Midfielder,0,0,0,0,13,4,6,3,20,1,5,3,7,8,1,0,267,229,22,10,5,6,0,0,0,0,0,2,1,0,1,0,2,0,0,460,6,55.8
Wendel,Zenit,Midfielder,0,0,0,0,7,4,2,1,22,4,4,6,4,8,1,0,295,274,4,0,4,6,0,0,0,0,0,1,1,0,0,0,1,0,0,484,6,59.1
Erokhin,Zenit,Midfielder,0,0,0,0,4,0,2,2,3,0,3,1,2,2,0,0,27,26,2,0,0,6,0,0,0,0,0,0,0,0,0,0,0,0,0,104,6,15.7
Kuzyaev,Zenit,Midfielder,0,0,0,0,3,1,1,1,10,0,1,5,3,4,0,0,79,71,3,2,0,4,0,0,0,0,0,1,0,0,1,0,1,0,0,257,4,31.7
Sutormin,Zenit,Midfielder,0,0,0,0,2,2,0,0,5,0,1,3,1,1,0,0,160,145,6,2,4,4,0,0,0,0,0,1,0,1,0,0,0,1,0,293,4,34.3
Mostovoy,Zenit,Midfielder,0,0,0,0,2,1,1,0,4,0,1,0,2,2,0,0,49,38,6,1,0,5,0,0,0,0,0,0,0,0,0,0,0,0,0,150,5,20.9
Ozdoev,Zenit,Midfielder,0,0,0,0,1,1,0,0,2,0,0,0,0,0,0,0,0,0,0,0,0,0,0,0,0,0,0,1,1,0,0,0,0,1,0,11,1,2.2
Barrios,Zenit,Midfielder,0,0,0,0,1,0,0,1,41,7,4,13,6,9,1,0,306,282,2,0,8,6,0,0,0,0,0,0,0,0,0,0,0,0,0,540,6,61.5
Kravtsov,Zenit,Midfielder,0,0,0,0,0,0,0,0,1,0,0,0,0,0,0,0,0,0,0,0,0,0,0,0,0,0,0,0,0,0,0,0,0,0,0,14,2,3
